Updated On,State,Total Tested,Positive,Negative,Unconfirmed,Total People In Quarantine,Total People Released From Quarantine,Num Isolation Beds,Num ICU Beds,Num Ventilators,Num Calls State Helpline,Source,Source2,Test positivity rate,Tests per thousand,Tests per million,Population (Source: UIDAI),1000,1000000
17/04/2020,Andaman and Nicobar Islands,1403.0,12.0,1210.0,181.0,,,50.0,,,,https://t.me/indiacovid/2550,,0.86%,3.411317892,3411.317892,411278.0,,
24/04/2020,Andaman and Nicobar Islands,2679.0,27.0,,246.0,,,50.0,,,280.0,https://t.me/indiacovid/3147?single,,1.01%,6.513842219,6513.842219,,,
27/04/2020,Andaman and Nicobar Islands,2848.0,33.0,,106.0,,,50.0,,,298.0,https://t.me/indiacovid/3365?single,,1.16%,6.924756491,6924.756491,,,
02/04/2020,Andhra Pradesh,1800.0,132.0,1175.0,493.0,179.0,,23479.0,2680.0,330.0,,https://twitter.com/ArogyaAndhra/status/1245580598938198016?s=20,,7.33%,0.03371364763,33.71364763,53390841.0,,
10/04/2020,Andhra Pradesh,6374.0,365.0,6009.0,,,,,,,,http://hmfw.ap.gov.in/covid_dashboard.aspx,,5.73%,0.1193837722,119.38377220000001,,,
11/04/2020,Andhra Pradesh,6958.0,381.0,6577.0,,,,,,,,http://hmfw.ap.gov.in/covid_dashboard.aspx,,5.48%,0.1303219779,130.3219779,,,
12/04/2020,Andhra Pradesh,6958.0,405.0,6553.0,,,,,,,,http://hmfw.ap.gov.in/covid_dashboard.aspx,,5.82%,0.1303219779,130.3219779,,,
13/04/2020,Andhra Pradesh,8755.0,432.0,8323.0,,,,,,,,http://hmfw.ap.gov.in/covid_dashboard.aspx,,4.93%,0.1639794361,163.97943610000002,,,
14/04/2020,Andhra Pradesh,10505.0,473.0,10032.0,,,,,,,,http://hmfw.ap.gov.in/covid_dashboard.aspx,,4.50%,0.19675659350000002,196.7565935,,,
15/04/2020,Andhra Pradesh,11613.0,525.0,11088.0,,,,,,,,http://hmfw.ap.gov.in/covid_dashboard.aspx,,4.52%,0.2175092166,217.50921659999997,,,
16/04/2020,Andhra Pradesh,20235.0,534.0,19701.0,,,,,,,,http://hmfw.ap.gov.in/covid_dashboard.aspx,,2.64%,0.3789975887,378.9975887,,,
17/04/2020,Andhra Pradesh,20235.0,572.0,,,,,,,,,http://hmfw.ap.gov.in/covid_dashboard.aspx,https://t.me/indiacovid/2474,2.83%,0.3789975887,378.9975887,,,
18/04/2020,Andhra Pradesh,21450.0,603.0,20487.0,,,,,,,,http://hmfw.ap.gov.in/covid_dashboard.aspx,,2.81%,0.4017543009,401.7543009,,,
19/04/2020,Andhra Pradesh,26958.0,647.0,26311.0,,,,,,,,http://hmfw.ap.gov.in/covid_dashboard.aspx,,2.40%,0.5049180625999999,504.91806260000004,,,
20/04/2020,Andhra Pradesh,30733.0,722.0,30011.0,,,,,,,,http://hmfw.ap.gov.in/covid_dashboard.aspx,,2.35%,0.5756230736,575.6230736,,,
21/04/2020,Andhra Pradesh,35755.0,757.0,34998.0,,,,,,,,http://hmfw.ap.gov.in/covid_dashboard.aspx,,2.12%,0.6696841505,669.6841505,,,
22/04/2020,Andhra Pradesh,41512.0,813.0,40699.0,,,,,,,,http://hmfw.ap.gov.in/covid_dashboard.aspx,,1.96%,0.7775116335,777.5116335,,,
23/04/2020,Andhra Pradesh,48032.0,893.0,47139.0,,,,,,,,http://hmfw.ap.gov.in/covid_dashboard.aspx,,1.86%,0.8996299570999999,899.6299571000001,,,
24/04/2020,Andhra Pradesh,54338.0,955.0,53383.0,,,,,,,,http://hmfw.ap.gov.in/covid_dashboard.aspx,,1.76%,1.017740103,1017.740103,,,
25/04/2020,Andhra Pradesh,61266.0,1016.0,60250.0,,,,,,,,http://hmfw.ap.gov.in/covid_dashboard.aspx,,1.66%,1.147500186,1147.500186,,,
26/04/2020,Andhra Pradesh,68034.0,1097.0,66937.0,,,,,,,,http://hmfw.ap.gov.in/covid_dashboard.aspx,,1.61%,1.2742635009999999,1274.263501,,,
27/04/2020,Andhra Pradesh,74551.0,1177.0,73374.0,,,,,,,,http://hmfw.ap.gov.in/covid_dashboard.aspx,,1.58%,1.396325636,1396.325636,,,
28/04/2020,Andhra Pradesh,80334.0,1259.0,79075.0,,,,,,,,http://hmfw.ap.gov.in/covid_dashboard.aspx,,1.57%,1.504640094,1504.6400939999999,,,
29/04/2020,Andhra Pradesh,88061.0,1332.0,86729.0,,,,,,,,http://hmfw.ap.gov.in/covid_dashboard.aspx,,1.51%,1.6493652909999998,,,,
30/04/2020,Andhra Pradesh,,,,,,,,,,,,,,0.0,,,,
09/04/2020,Arunachal Pradesh,206.0,1.0,185.0,20.0,,,,,,,https://twitter.com/PemaKhanduBJP/status/1248269356070363136?s=19,,0.49%,0.1330082594,133.00825940000001,1548776.0,,
14/04/2020,Arunachal Pradesh,280.0,1.0,250.0,29.0,,,,,,,https://twitter.com/PemaKhanduBJP/status/1249901653634867200,,0.36%,0.1807879254,180.7879254,,,
17/04/2020,Arunachal Pradesh,363.0,1.0,338.0,25.0,,,,,,,https://twitter.com/PemaKhanduBJP/status/1251136883045752834,,0.28%,0.23437863190000002,234.37863190000002,,,
18/04/2020,Arunachal Pradesh,389.0,1.0,358.0,31.0,,,,,,,https://twitter.com/PemaKhanduBJP/status/1251485238477221889,,0.26%,0.2511660821,251.1660821,,,
19/04/2020,Arunachal Pradesh,,,,,,,,,,,,,,0.0,0.0,,,
20/04/2020,Arunachal Pradesh,439.0,1.0,405.0,34.0,,,,,,,https://twitter.com/ANI/status/1252454869983608832?s=09,,0.23%,0.2834496402,283.4496402,,,
21/04/2020,Arunachal Pradesh,454.0,1.0,433.0,19.0,,,,,,,http://covid19.itanagarsmartcity.in/covidstatus.php,,0.22%,0.2931347077,293.1347077,,,
22/04/2020,Arunachal Pradesh,496.0,2.0,441.0,53.0,,,,,,,http://covid19.itanagarsmartcity.in/covidstatus.php,,0.40%,0.3202528965,320.25289649999996,,,
23/04/2020,Arunachal Pradesh,,,,,,,,,,,,,,,,,,
24/04/2020,Arunachal Pradesh,526.0,2.0,508.0,16.0,,,,,,,http://covid19.itanagarsmartcity.in/covidstatus.php,,,0.0,0.0,,,
25/04/2020,Arunachal Pradesh,,,,,,,,,,,,,0.35%,0.36674122020000005,366.7412202,,,
26/04/2020,Arunachal Pradesh,568.0,2.0,529.0,37.0,,,,,,,http://covid19.itanagarsmartcity.in/covidstatus.php,,0.34%,0.37707195880000005,377.0719588,,,
27/04/2020,Arunachal Pradesh,584.0,2.0,566.0,16.0,,,,,,,http://covid19.itanagarsmartcity.in/covidstatus.php,,0.33%,0.393859409,393.85940899999997,,,
28/04/2020,Arunachal Pradesh,610.0,2.0,581.0,27.0,,,,,,,http://covid19.itanagarsmartcity.in/covidstatus.php,,1.66%,0.6211356581,621.1356581,,,
29/04/2020,Arunachal Pradesh,662.0,2.0,595.0,65.0,,,,,,,http://covid19.itanagarsmartcity.in/covidstatus.php,,,,,,,
30/04/2020,Arunachal Pradesh,,,,,,,,,,,,,,,,,,
02/04/2020,Assam,962.0,16.0,819.0,127.0,,,,,,,https://twitter.com/nhm_assam/status/1245742375319691264/photo/1,,1.66%,0.02742238659,27.42238659,35080827.0,,
05/04/2020,Assam,,,,,,,,,,,,,,0.0,0.0,,,
10/04/2020,Assam,2863.0,29.0,2685.0,,,,3212.0,440.0,240.0,9245.0,https://t.me/indiacovid/2003?single,,1.01%,0.08161153099,81.61153099,,,
11/04/2020,Assam,3011.0,29.0,2842.0,,,,3212.0,440.0,240.0,9514.0,https://t.me/indiacovid/2075?single,,0.96%,0.08583035970000001,85.8303597,,,
12/04/2020,Assam,3138.0,29.0,2973.0,194.0,,,3212.0,440.0,240.0,9845.0,https://t.me/indiacovid/2146?single,,0.92%,0.08945057082,89.45057082,,,
13/04/2020,Assam,,,,,,,,,,,,,,0.0,0.0,,,
14/04/2020,Assam,3491.0,31.0,3267.0,193.0,10022.0,,3212.0,440.0,240.0,10615.0,https://twitter.com/nhm_assam/status/1250104916535726081/photo/1,,0.89%,0.0995130474,99.5130474,,,
15/04/2020,Assam,3613.0,32.0,3492.0,89.0,,,3212.0,440.0,240.0,10915.0,https://twitter.com/nhm_assam/status/1250441490418950148/photo/1,https://twitter.com/nhm_assam/status/1250441490418950148/photo/2,0.89%,0.1029907305,102.99073050000001,,,
16/04/2020,Assam,4108.0,34.0,3803.0,,,,3338.0,440.0,303.0,11248.0,https://twitter.com/nhm_assam/status/1250836057853067264?s=20,,0.83%,0.11710100220000001,117.10100220000001,,,
17/04/2020,Assam,4236.0,34.0,4024.0,,,,3338.0,440.0,303.0,11561.0,https://twitter.com/nhm_assam/status/1251154796444184578,,0.80%,0.12074971890000001,120.7497189,,,
18/04/2020,Assam,4400.0,34.0,4199.0,,,,3338.0,440.0,303.0,11847.0,https://twitter.com/nhm_assam,,0.77%,0.1254246372,125.42463719999999,,,
19/04/2020,Assam,4865.0,34.0,4584.0,,,,3338.0,440.0,303.0,12148.0,https://twitter.com/nhm_assam/status/1251891980939825153/photo/1,,0.70%,0.1386797409,138.67974089999998,,,
20/04/2020,Assam,5112.0,34.0,4937.0,,,,3338.0,440.0,303.0,12478.0,https://twitter.com/nhm_assam/status/1252256054907461632,,0.67%,0.145720624,145.720624,,,
21/04/2020,Assam,5514.0,34.0,5245.0,,,,3338.0,440.0,303.0,12853.0,https://twitter.com/nhm_assam/status/1252591349670576128,,0.62%,0.1571798749,157.17987490000002,,,
22/04/2020,Assam,,,,,,,,,,,,,,0.0,0.0,,,
23/04/2020,Assam,,,,,,,,,,,,,,0.0,0.0,,,
24/04/2020,Assam,6680.0,35.0,6391.0,,,,3338.0,440.0,303.0,14478.0,https://twitter.com/nhm_assam/status/1253714714485538817,,0.52%,0.1904174038,190.41740380000002,,,
25/04/2020,Assam,7159.0,35.0,6781.0,,,,3338.0,440.0,303.0,14812.0,https://twitter.com/nhm_assam/status/1254067546023694337?s=19,,0.49%,0.2040715859,204.07158590000003,,,
26/04/2020,Assam,7823.0,35.0,7474.0,,,,3338.0,440.0,303.0,15418.0,https://twitter.com/nhm_assam/status/1254433067911036936/photo/1,,,,,,,
27/04/2020,Assam,8117.0,35.0,7985.0,,,,3338.0,440.0,303.0,15809.0,https://twitter.com/nhm_assam/status/1254813929898835979,,,,,,,
28/04/2020,Assam,,,,,,,,,,,,,,,,,,
29/04/2020,Assam,9520.0,37.0,8771.0,,,,3338.0,440.0,303.0,16815.0,https://twitter.com/nhm_assam/status/1255530189448241159,,,,,,,
30/04/2020,Assam,,,,,,,,,,,,,,,,,,
05/04/2020,Bihar,3037.0,32.0,2299.0,706.0,,,,,,,https://twitter.com/sanjayjavin/status/1246667952054665216,,1.05%,0.02484111725,24.84111725,122256981.0,,
05/04/2020,Bihar,3037.0,32.0,2299.0,706.0,,,,,,,,,1.05%,0.02484111725,24.84111725,,,
08/04/2020,Bihar,4596.0,38.0,,465.0,,,,,,,https://twitter.com/sanjayjavin/status/1247762894063677440,,0.83%,0.03759294531000001,37.59294531,,,
09/04/2020,Bihar,4991.0,43.0,,394.0,,,,,,,https://twitter.com/BiharHealthDept/status/1248176830856626176/photo/1,,0.86%,0.040823844649999996,40.82384465,,,
10/04/2020,Bihar,5457.0,60.0,,673.0,,,,,,,https://twitter.com/BiharHealthDept/status/1248494623409885184/photo/1,,1.10%,0.04463548793,44.63548793,,,
11/04/2020,Bihar,6250.0,61.0,,,832.0,,2344.0,116.0,50.0,51075.0,https://twitter.com/BiharHealthDept/status/1248845966158905345?s=19,https://twitter.com/BiharHealthDept/status/1248964845371674625?s=09,0.98%,0.0511218251,51.1218251,,,
12/04/2020,Bihar,6703.0,64.0,,618.0,,,2344.0,116.0,50.0,,https://twitter.com/sanjayjavin/status/1249203228178296832?s=20,,0.95%,0.05482713498,54.82713498,,,
13/04/2020,Bihar,7263.0,65.0,,41.0,,,2344.0,116.0,50.0,,https://t.me/indiacovid/2178?single,,0.89%,0.05940765051,59.40765051,,,
14/04/2020,Bihar,7727.0,62.0,,472.0,,,2344.0,116.0,50.0,,https://twitter.com/sanjayjavin/status/1249928292519432192?s=09,,0.80%,0.06320293481,63.20293481,,,
15/04/2020,Bihar,8263.0,66.0,,565.0,,,2344.0,116.0,50.0,40380.0,https://twitter.com/sanjayjavin/status/1250296101350957058?s=09,https://twitter.com/SHSBihar/status/1250345699780096001?s=09,0.80%,0.06758714252999999,67.58714253,,,
16/04/2020,Bihar,8846.0,72.0,,607.0,,,2344.0,116.0,50.0,,https://twitter.com/BiharHealthDept/status/1250667064571785216?s=09,,0.81%,0.07235578637,72.35578637,,,
17/04/2020,Bihar,9486.0,83.0,,510.0,,,2344.0,116.0,50.0,,https://twitter.com/sanjayjavin/status/1251023696354881537,,0.87%,0.07759066126,77.59066126,,,
18/04/2020,Bihar,10130.0,85.0,,512.0,735.0,,2344.0,116.0,50.0,43152.0,https://twitter.com/BiharHealthDept/status/1251491112855973895,https://twitter.com/SHSBihar/status/1251437221179060224?s=09,0.84%,0.08285825412,82.85825412,,,
19/04/2020,Bihar,10745.0,92.0,,644.0,700.0,,2344.0,116.0,50.0,,https://t.me/indiacovid/2664?single,,0.86%,0.08788864171,87.88864171,,,
20/04/2020,Bihar,11319.0,96.0,,490.0,802.0,,2344.0,116.0,50.0,,https://twitter.com/BiharHealthDept/status/1252218091712524289,,0.85%,0.09258367013,92.58367013,,,
21/04/2020,Bihar,11999.0,115.0,,998.0,693.0,,2344.0,116.0,50.0,,https://twitter.com/BiharHealthDept/status/1252564363044704256,,0.96%,0.0981457247,98.1457247,,,
22/04/2020,Bihar,12978.0,136.0,,1005.0,748.0,,2344.0,116.0,50.0,,https://mobile.twitter.com/BiharHealthDept/status/1252933211488993280,,1.05%,0.1061534474,106.15344740000002,,,
23/04/2020,Bihar,13785.0,148.0,,1240.0,768.0,,2344.0,116.0,50.0,,https://twitter.com/BiharHealthDept/status/1253330396726480901?s=19,,1.07%,0.11275429740000001,112.75429740000001,,,
24/04/2020,Bihar,14924.0,176.0,,1000.0,,,2344.0,116.0,50.0,,https://twitter.com/sanjayjavin/status/1253554587811774465?s=19,https://twitter.com/BiharHealthDept/status/1254045733969330178,1.18%,0.12207073880000001,122.0707388,,,
25/04/2020,Bihar,15885.0,238.0,,898.0,1255.0,,2344.0,116.0,50.0,,https://t.me/indiacovid/3178,,1.50%,0.1299312307,129.93123070000001,,,
26/04/2020,Bihar,17041.0,255.0,,1018.0,1427.0,,2344.0,116.0,50.0,,https://twitter.com/BiharHealthDept/status/1254402408664363008?s=20,,1.50%,0.1393867234,139.38672340000002,,,
27/04/2020,Bihar,18179.0,328.0,,1656.0,1614.0,,2344.0,116.0,50.0,,https://twitter.com/BiharHealthDept/status/1254741773257248769,,1.80%,0.14869498539999998,148.6949854,,,
28/04/2020,Bihar,19790.0,346.0,,1884.0,,,,,,,https://twitter.com/BiharHealthDept/status/1255002059994210304,,1.75%,0.161872147,161.87214699999998,,,
29/04/2020,Bihar,21180.0,383.0,,1948.0,2133.0,,2344.0,116.0,50.0,,https://twitter.com/BiharHealthDept/status/1255508656205950976?s=19,,1.81%,0.1732416409,173.2416409,,,
30/04/2020,Bihar,,,,,,,,,,,,,,0.0,0.0,,,
01/05/2020,Bihar,,,,,,,,,,,,,,,,,,
02/05/2020,Bihar,,,,,,,,,,,,,,,,,,
02/04/2020,Chandigarh,124.0,18.0,98.0,8.0,,,,,,,http://chdcovid19.in/,,14.52%,0.1085359118,108.53591180000001,1142479.0,,
08/04/2020,Chandigarh,184.0,18.0,162.0,,,,,,,,http://chdcovid19.in/,,9.78%,0.1610532885,161.0532885,,,
10/04/2020,Chandigarh,223.0,19.0,199.0,4.0,,,,,,,http://chdcovid19.in/,,8.52%,0.1951895834,195.1895834,,,
11/04/2020,Chandigarh,264.0,19.0,223.0,21.0,,,,,,,http://chdcovid19.in,,7.20%,0.2310764574,231.0764574,,,
12/04/2020,Chandigarh,279.0,21.0,247.0,10.0,,,,,,,http://chdcovid19.in/,,7.53%,0.2442058016,244.20580159999997,,,
13/04/2020,Chandigarh,296.0,21.0,263.0,11.0,,,,,,,http://chdcovid19.in,,7.09%,0.259085725,259.085725,,,
14/04/2020,Chandigarh,309.0,21.0,285.0,2.0,,,,,,,http://chdcovid19.in,,6.80%,0.2704644899,270.4644899,,,
15/04/2020,Chandigarh,317.0,21.0,293.0,2.0,,,,,,,http://chdcovid19.in,,6.62%,0.2774668068,277.4668068,,,
16/04/2020,Chandigarh,337.0,21.0,315.0,0.0,,,,,,,https://twitter.com/ANI/status/1250765375874072578?s=09,,6.23%,0.2949725991,294.9725991,,,
17/04/2020,Chandigarh,358.0,21.0,335.0,1.0,,,,,,,http://chdcovid19.in/,,5.87%,0.3133536809,313.3536809,,,
18/04/2020,Chandigarh,381.0,23.0,348.0,9.0,,,,,,,http://chdcovid19.in/,,6.04%,0.333485342,333.485342,,,
19/04/2020,Chandigarh,430.0,26.0,388.0,15.0,,,,,,,http://chdcovid19.in/,,6.05%,0.3763745329,376.37453289999996,,,
20/04/2020,Chandigarh,453.0,26.0,417.0,9.0,,,,,,,http://chdcovid19.in/,,5.74%,0.396506194,396.506194,,,
21/04/2020,Chandigarh,497.0,27.0,445.0,24.0,,,,,,,https://twitter.com/ANI/status/1252589665518936064/photo/1,,5.43%,0.4350189369,435.01893689999997,,,
22/04/2020,Chandigarh,529.0,27.0,492.0,9.0,,,,,,,http://chdcovid19.in/,,5.10%,0.46302820450000004,463.0282045,,,
23/04/2020,Chandigarh,599.0,27.0,557.0,14.0,,,,,,,http://chdcovid19.in/,,4.51%,0.5242984773,524.2984773000001,,,
24/04/2020,Chandigarh,638.0,27.0,603.0,7.0,,,,,,,http://chdcovid19.in/,,4.23%,0.5584347721,558.4347721,,,
25/04/2020,Chandigarh,734.0,28.0,668.0,37.0,,,,,,,http://chdcovid19.in/,,3.81%,0.6424625748,642.4625748,,,
26/04/2020,Chandigarh,756.0,30.0,677.0,48.0,,,,,,,http://chdcovid19.in/,,3.97%,0.6617189463,661.7189463,,,
27/04/2020,Chandigarh,843.0,40.0,777.0,25.0,,,,,,,http://chdcovid19.in/,,4.74%,0.7378691425,737.8691425,,,
28/04/2020,Chandigarh,924.0,56.0,857.0,10.0,,,,,,,https://t.me/indiacovid/3457,,6.06%,0.8087676009999999,808.767601,,,
29/04/2020,Chandigarh,1012.0,67.0,922.0,22.0,,,,,,,http://chdcovid19.in/,,6.62%,0.8857930868,885.7930867999999,,,
30/04/2020,Chandigarh,,,,,,,,,,,,,,0.0,0.0,,,
01/05/2020,Chandigarh,,,,,,,,,,,,,,,,,,
02/04/2020,Chhattisgarh,1232.0,9.0,921.0,302.0,,,,,,,http://www.cghealth.nic.in/cghealth17/,,0.73%,0.04249772222,42.49772222,28989789.0,,
10/04/2020,Chhattisgarh,3473.0,18.0,3322.0,133.0,,,,,,,http://cghealth.nic.in/cghealth17/Information/content/CORONA/MediaBulletinHINDI_10042020.pdf,,0.52%,0.11980080300000001,119.800803,,,
11/04/2020,Chhattisgarh,3858.0,18.0,3503.0,337.0,,,,,,,http://cghealth.nic.in/cghealth17/Information/content/CORONA/RevisedMediaBulletinHINDI_11042020.pdf,,0.47%,0.13308134119999998,133.0813412,,,
12/04/2020,Chhattisgarh,3945.0,31.0,3856.0,58.0,,,,,,,http://cghealth.nic.in/cghealth17/,http://cghealth.nic.in/cghealth17/Information/content/CORONA/MediaBulletinHINDI_12042020.pdf,0.79%,0.1360823978,136.08239780000002,,,
13/04/2020,Chhattisgarh,4377.0,31.0,3969.0,377.0,,,,,,,http://cghealth.nic.in/cghealth17/Information/content/CORONA/MediaBulletinHINDI_13042020.pdf,,0.71%,0.1509841965,150.9841965,,,
14/04/2020,Chhattisgarh,4812.0,33.0,4319.0,469.0,,,,,,,http://cghealth.nic.in/cghealth17/Information/content/CORONA/MediaBulletinHINDI_14042020.pdf,,0.69%,0.16598948,165.98948000000001,,,
15/04/2020,Chhattisgarh,5122.0,33.0,4878.0,211.0,,,,,,,http://cghealth.nic.in/cghealth17/Information/content/CORONA/MediaBulletinHINDI_15042020.pdf,,0.64%,0.1766829003,176.6829003,,,
16/04/2020,Chhattisgarh,5519.0,33.0,5168.0,318.0,,,,,,,http://cghealth.nic.in/cghealth17/Information/content/CORONA/MediaBulletinHINDI_16042020.pdf,,0.60%,0.1903773774,190.3773774,,,
17/04/2020,Chhattisgarh,5776.0,36.0,5484.0,256.0,,,,,,,http://cghealth.nic.in/cghealth17/Information/content/CORONA/MediaBulletinHINDI_18042020.pdf,,0.62%,0.19924256780000002,199.24256780000002,,,
18/04/2020,Chhattisgarh,5776.0,36.0,5484.0,256.0,,,,,,,http://cghealth.nic.in/cghealth17/Information/content/CORONA/mediaBulletinHindi_18042020.pdf,,0.62%,0.19924256780000002,199.24256780000002,,,
19/04/2020,Chhattisgarh,6675.0,36.0,6086.0,553.0,,,,,,,http://cghealth.nic.in/cghealth17/Information/content/CORONA/mediaBulletinHindi_19042020.pdf,,0.54%,0.2302534868,230.25348680000002,,,
20/04/2020,Chhattisgarh,7601.0,36.0,7029.0,536.0,,,,,,,http://cghealth.nic.in/cghealth17/Information/content/CORONA/MediaBulletinHindi_20042020.pdf,,0.47%,0.26219576829999997,262.1957683,,,
21/04/2020,Chhattisgarh,8272.0,36.0,7555.0,681.0,,,,,,,http://cghealth.nic.in/cghealth17/,,0.44%,0.2853418492,285.3418492,,,
22/04/2020,Chhattisgarh,9220.0,36.0,8296.0,888.0,,,,,,,http://cghealth.nic.in/cghealth17/,,0.39%,0.3180430185,318.0430185,,,
23/04/2020,Chhattisgarh,10346.0,36.0,9206.0,1104.0,,,,,,,http://cghealth.nic.in/cghealth17/Information/content/CORONA/MediaBulletinHindi_23042020.pdf,,0.35%,0.3568842809,356.88428089999996,,,
24/04/2020,Chhattisgarh,11386.0,36.0,10213.0,1137.0,,,,,,,http://cghealth.nic.in/cghealth17/Information/content/CORONA/MediaBulletin_24042020.pdf,,0.32%,0.3927589814,392.7589814,,,
25/04/2020,Chhattisgarh,12596.0,37.0,11168.0,1391.0,,,,,,,http://cghealth.nic.in/cghealth17/Information/content/CORONA/MediaBulletinHindi_25042020.pdf,,0.29%,0.43449781579999996,434.49781579999996,,,
26/04/2020,Chhattisgarh,13786.0,37.0,12406.0,1343.0,,,,,,,https://t.me/indiacovid/3300?single,,0.27%,0.475546752,475.54675199999997,,,
27/04/2020,Chhattisgarh,14987.0,37.0,13882.0,1068.0,,,,,,,http://cghealth.nic.in/cghealth17/Information/content/CORONA/MediaBulletinHindi_27042020.pdf,,0.25%,0.5169751322,516.9751322,,,
28/04/2020,Chhattisgarh,15737.0,38.0,14953.0,746.0,,,,,,,http://cghealth.nic.in/cghealth17/Information/content/CORONA/MediaBulletin_28042020.pdf,,0.24%,0.5428463105,542.8463105000001,,,
29/04/2020,Chhattisgarh,,,,,,,,,,,,,,0.0,0.0,,,
01/04/2020,Delhi,2621.0,,,2621.0,,,,,,,http://health.delhigovt.nic.in/wps/wcm/connect/068e55804dc3527fb23cf7982ee7a5c7/HB01A.pdf?MOD=AJPERES&lmod=908572962&CACHEID=068e55804dc3527fb23cf7982ee7a5c7,,0.00%,0.141689523,141.689523,18498192.0,,
07/04/2020,Delhi,9041.0,576.0,7308.0,1157.0,3120.0,,,,,,http://health.delhigovt.nic.in/wps/wcm/connect/ed4d3d804dd60b488b60ff982ee7a5c7/HB07A.pdf?MOD=AJPERES&lmod=1435478287&CACHEID=ed4d3d804dd60b488b60ff982ee7a5c7,,6.37%,0.4887504682,488.7504682,,,
09/04/2020,Delhi,9968.0,720.0,8643.0,605.0,2664.0,,,,,,http://health.delhigovt.nic.in/wps/wcm/connect/doit_health/Health/Home/Covid19/Health+Bulletin,http://health.delhigovt.nic.in/wps/wcm/connect/22522a804ddd430195f5f7d194e333e1/HB09A.pdf,7.22%,0.5388634738,538.8634738,,,
10/04/2020,Delhi,11061.0,903.0,9662.0,496.0,,,,,,,https://twitter.com/CMODelhi/status/1248629695614046209?s=09,,8.16%,0.5979503293999999,597.9503294,,,
11/04/2020,Delhi,11709.0,1069.0,10218.0,464.0,,,,,,,https://twitter.com/CMODelhi/status/1248998630888845313?s=19,,9.13%,0.63298078,632.98078,,,
12/04/2020,Delhi,14036.0,1154.0,11748.0,984.0,,,,,,,https://twitter.com/CMODelhi/status/1249350539973812224,,8.22%,0.7587768578,758.7768578,,,
13/04/2020,Delhi,15032.0,1510.0,12283.0,1008.0,,,,,,,https://twitter.com/CMODelhi/status/1249744159491031047/photo/2,,10.05%,0.8126199577,812.6199577000001,,,
14/04/2020,Delhi,16282.0,1561.0,13748.0,715.0,,,,,,,https://twitter.com/CMODelhi/status/1250087698011803648/photo/2,,9.59%,0.8801941292000001,880.1941292000001,,,
15/04/2020,Delhi,16605.0,1578.0,13865.0,956.0,,,,,,,https://twitter.com/CMODelhi/status/1250468383868350469?s=19,,9.50%,0.8976552952,897.6552952,,,
16/04/2020,Delhi,18784.0,1640.0,14692.0,2251.0,,,,,,,https://twitter.com/CMODelhi/status/1250830372830470145?s=20,,8.73%,1.015450591,1015.450591,,,
17/04/2020,Delhi,21409.0,1707.0,16899.0,2674.0,,,,,,,https://twitter.com/CMODelhi/status/1251190807106777089/photo/2,,7.97%,1.157356351,1157.356351,,,
18/04/2020,Delhi,22283.0,1893.0,17449.0,2799.0,,,,,,,https://twitter.com/CMODelhi/status/1251559869494198282?s=19,,8.50%,1.204604212,1204.604212,,,
19/04/2020,Delhi,24387.0,2003.0,19393.0,2872.0,,,,,,,https://twitter.com/CMODelhi/status/1251923081699811328?s=09,,8.21%,1.318345058,1318.345058,,,
20/04/2020,Delhi,25900.0,2081.0,20712.0,2711.0,,,,,,,https://twitter.com/CMODelhi/status/1252276384166100994/photo/2,,8.03%,1.400136835,1400.136835,,,
21/04/2020,Delhi,26627.0,2156.0,21810.0,2354.0,,,,,,,https://twitter.com/CMODelhi/status/1252608476578078721/photo/2,,8.10%,1.4394379730000002,1439.437973,,,
22/04/2020,Delhi,28309.0,2248.0,22713.0,3018.0,,,,,,,https://twitter.com/CMODelhi/status/1252978551088984066/photo/2,,7.94%,1.5303657780000002,1530.3657779999999,,,
23/04/2020,Delhi,30560.0,2375.0,24538.0,3068.0,,,,,,,https://twitter.com/CMODelhi/status/1253345233498226689?s=19,,7.77%,1.6520533469999998,1652.053347,,,
24/04/2020,Delhi,33672.0,2514.0,26552.0,4128.0,,,,,,,https://twitter.com/CMODelhi/status/1253715491987664897/photo/2,,7.47%,1.820286004,1820.2860039999998,,,
25/04/2020,Delhi,35519.0,2625.0,28693.0,3709.0,,,,,,,https://twitter.com/CMODelhi/status/1254081976631545856?s=20,,7.39%,1.9201336,1920.1336,,,
26/04/2020,Delhi,37613.0,2918.0,31919.0,2533.0,,,,,,,https://twitter.com/CMODelhi/status/1254453744063754240?s=09,,7.76%,2.0333338519999997,2033.333852,,,
27/04/2020,Delhi,39911.0,3108.0,34145.0,2401.0,,,,,,,https://twitter.com/CMODelhi/status/1254813927067668480/photo/2,,7.79%,2.157562209,2157.562209,,,
28/04/2020,Delhi,43370.0,3314.0,36195.0,3295.0,,,,,,,https://twitter.com/CMODelhi/status/1255176666017492995/photo/2,,7.64%,2.344553457,2344.553457,,,
29/04/2020,Delhi,47225.0,3439.0,39920.0,,,,,,,,https://twitter.com/CMODelhi/status/1255550560348049411,,7.28%,2.5529522019999997,2552.952202,,,
30/04/2020,Delhi,,,,,,,,,,,,,,,,,,
01/05/2020,Delhi,,,,,,,,,,,,,,,,,,
02/04/2020,Goa,220.0,5.0,197.0,18.0,,,,,,,https://www.goa.gov.in/wp-content/uploads/2020/04/Media-Bulletin-02.04.2020.pdf,,2.27%,0.1406335798,140.6335798,1564349.0,,
09/04/2020,Goa,344.0,7.0,,,,,,,,,https://twitter.com/dip_goa/status/1248237654258352129?s=09,,2.03%,0.21989977940000002,219.89977940000003,,,
10/04/2020,Goa,354.0,7.0,,,,,,,,,https://twitter.com/DHS_Goa/status/1248609175241764872/photo/1,,1.98%,0.2262922148,226.2922148,,,
11/04/2020,Goa,,,,,,,,,,,,,,0.0,0.0,,,
12/04/2020,Goa,406.0,7.0,,,141.0,,,,,,https://twitter.com/DHS_Goa/status/1249332036751347713,,1.72%,0.2595328792,259.53287919999997,,,
13/04/2020,Goa,440.0,7.0,,,,,,,,,https://t.me/indiacovid/2180,,1.59%,0.2812671597,281.2671597,,,
14/04/2020,Goa,479.0,7.0,,,,,,,,,https://t.me/indiacovid/2280,,1.46%,0.3061976579,306.19765789999997,,,
15/04/2020,Goa,556.0,7.0,,,,,,,,,https://twitter.com/DHS_Goa/status/1250412621158690818?s=19,,1.26%,0.3554194109,355.41941089999995,,,
16/04/2020,Goa,611.0,7.0,,,,,,,,,https://twitter.com/DHS_Goa/status/1250772892956028930?s=19,,1.15%,0.39057780579999996,390.5778058,,,
17/04/2020,Goa,673.0,7.0,,,,,,,,,https://twitter.com/DHS_Goa/status/1251147496824303620,,1.04%,0.4302109056,430.2109056,,,
18/04/2020,Goa,758.0,7.0,,,,,,,,,https://twitter.com/DHS_Goa/status/1251500960444104704,,0.92%,0.48454660689999995,484.54660690000003,,,
19/04/2020,Goa,826.0,7.0,,,,,,,,,https://twitter.com/DHS_Goa/status/1251858305669980160,,0.85%,0.5280151679999999,528.015168,,,
20/04/2020,Goa,901.0,7.0,,,,,,,,,https://twitter.com/DHS_Goa/status/1252228312107118593,,0.78%,0.5759584338,575.9584338,,,
21/04/2020,Goa,1004.0,7.0,,,,,,,,,https://twitter.com/DHS_Goa/status/1252606575077847040,,0.70%,0.6418005189,641.8005188999999,,,
22/04/2020,Goa,1116.0,7.0,,,,,,,,,https://twitter.com/DHS_Goa/status/1253201084950016000?s=19,,0.63%,0.7133957959999999,713.395796,,,
23/04/2020,Goa,1206.0,7.0,,,,,,,,,https://twitter.com/DHS_Goa/status/1253330859903479814,,0.58%,0.770927715,770.927715,,,
24/04/2020,Goa,,,,,,,,,,,,,,0.0,0.0,,,
27/04/2020,Goa,1541.0,7.0,,,316.0,,,,,,https://nhm.goa.gov.in/,,0.45%,0.9850743025,985.0743025,,,
28/04/2020,Goa,1776.0,7.0,,,330.0,,,,,,https://twitter.com/DHS_Goa/status/1255132758822678530?s=19,,,1.135296535,1135.296535,,,
29/04/2020,Goa,1871.0,7.0,,,347.0,,,,,,https://twitter.com/DHS_Goa/status/1255509839742148608?s=09,,,,,,,
30/04/2020,Goa,,,,,,,,,,,,,,,,,,
01/05/2020,Goa,,,,,,,,,,,,,,,,,,
08/04/2020,Gujarat,4224.0,186.0,3905.0,133.0,12299.0,,,,1761.0,,https://t.me/indiacovid/1850?single,,4.40%,0.06518327294,65.18327294,64801901.0,,
09/04/2020,Gujarat,,,,,,,,,,,https://gujcovid19.gujarat.gov.in/uploads/pressbrief0904092020080952519.pdf,,,0.0,0.0,,,
10/04/2020,Gujarat,7718.0,378.0,7237.0,103.0,,,,,,,https://t.me/indiacovid/1994?single,,4.90%,0.1191014443,119.1014443,,,
11/04/2020,Gujarat,9763.0,468.0,8888.0,407.0,12042.0,,,,,,https://gujcovid19.gujarat.gov.in/,,4.79%,0.1506591604,150.65916040000002,,,
12/04/2020,Gujarat,11715.0,516.0,10867.0,332.0,14013.0,,,,,,https://gujcovid19.gujarat.gov.in/uploads/pressbrief1204122020080245240.pdf,https://gujcovid19.gujarat.gov.in/,4.40%,0.1807817335,180.7817335,,,
13/04/2020,Gujarat,14251.0,572.0,12970.0,709.0,14.0,14204.0,,,,,https://gujcovid19.gujarat.gov.in/,https://gujcovid19.gujarat.gov.in/uploads/pressbrief1304132020080356644.pdf,4.01%,0.21991638789999998,219.91638790000002,,,
14/04/2020,Gujarat,14980.0,617.0,14363.0,,,,,,,41112.0,https://gujcovid19.gujarat.gov.in/,https://gujcovid19.gujarat.gov.in/uploads/pressbrief1404142020112010574.pdf,4.12%,0.2311660579,231.1660579,,,
15/04/2020,Gujarat,19197.0,766.0,18431.0,0.0,15147.0,,,,,,https://t.me/indiacovid/2364?single,,3.99%,0.2962413093,296.2413093,,,
16/04/2020,Gujarat,20903.0,929.0,19974.0,0.0,14906.0,,,,,,https://gujcovid19.gujarat.gov.in/uploads/pressbrief1604162020113223580.pdf,,4.44%,0.3225676975,322.5676975,,,
17/04/2020,Gujarat,23483.0,1099.0,22339.0,45.0,15914.0,,,,,,https://gujcovid19.gujarat.gov.in/uploads/pressbrief1704172020075526411.pdf,,4.68%,0.3623813443,362.3813443,,,
18/04/2020,Gujarat,26102.0,1376.0,24726.0,0.0,16925.0,,,,,,https://twitter.com/PIBAhmedabad/status/1251515915323289601,,5.27%,0.4027968254,402.7968254,,,
19/04/2020,Gujarat,29104.0,1743.0,27361.0,0.0,18540.0,,,,,,https://gujcovid19.gujarat.gov.in/uploads/pressbrief1904192020081511588.pdf,,5.99%,0.4491226268,449.12262680000003,,,
20/04/2020,Gujarat,33316.0,1939.0,31377.0,0.0,23749.0,,,,,,https://gujcovid19.gujarat.gov.in/uploads/pressbrief2004202020085436665.pdf,,5.82%,0.51412072,514.12072,,,
21/04/2020,Gujarat,36829.0,2178.0,34651.0,0.0,30354.0,,,,,,https://gujcovid19.gujarat.gov.in/uploads/pressbrief2104212020084254089.pdf,,5.91%,0.5683320926,568.3320926,,,
22/04/2020,Gujarat,39421.0,2407.0,37014.0,0.0,32317.0,,,,,,https://gujcovid19.gujarat.gov.in/uploads/pressbrief2204222020082020535.pdf,https://gujcovid19.gujarat.gov.in/,6.11%,0.6083309192,608.3309192,,,
23/04/2020,Gujarat,42384.0,2624.0,39760.0,0.0,34409.0,,,,28.0,53060.0,https://gujcovid19.gujarat.gov.in/uploads/pressbrief2304232020085856435.pdf,,6.19%,0.6540548864,654.0548864,,,
24/04/2020,Gujarat,46743.0,2815.0,41007.0,2921.0,33734.0,,,,,54151.0,https://gujcovid19.gujarat.gov.in/,,6.02%,0.7213214316,721.3214316000001,,,
25/04/2020,Gujarat,48315.0,3061.0,45254.0,0.0,36730.0,,,,30.0,55188.0,https://gujcovid19.gujarat.gov.in/uploads/pressbrief2504252020100330249.pdf,,6.34%,0.7455799792,745.5799792,,,
26/04/2020,Gujarat,51091.0,3301.0,47790.0,0.0,39535.0,,,,27.0,56269.0,https://gujcovid19.gujarat.gov.in/uploads/pressbrief2604262020085308375.pdf,,6.46%,0.7884182287,788.4182287000001,,,
27/04/2020,Gujarat,53575.0,3547.0,50028.0,0.0,40851.0,,,,,,https://gujcovid19.gujarat.gov.in/uploads/pressbrief2704272020081006359.pdf,,6.62%,0.8267504375,826.7504375,,,
28/04/2020,Gujarat,56101.0,3774.0,52327.0,0.0,41417.0,,,,,58828.0,https://gujcovid19.gujarat.gov.in/uploads/pressbrief2804282020081458432.pdf,,6.73%,0.8657307754000001,865.7307754000001,,,
29/04/2020,Gujarat,59488.0,4082.0,55406.0,0.0,42390.0,,,,,60855.0,https://twitter.com/PIBAhmedabad/status/1255510142499643393,,,0.9179977606,917.9977606000001,,,
03/04/2020,Haryana,1325.0,44.0,938.0,343.0,,,,,,,http://www.nhmharyana.gov.in/WriteReadData/userfiles/file/CoronaVirus/BULLETIN%20EVENING03042020.pdf,,3.32%,0.047673272649999994,47.67327265,27793351.0,,
07/04/2020,Haryana,2520.0,141.0,1821.0,558.0,687.0,,,,,,http://www.nhmharyana.gov.in/WriteReadData/userfiles/file/CoronaVirus/bulletin%2008042020Morning.pdf,,5.60%,0.0906691676,90.6691676,,,
08/04/2020,Haryana,2650.0,153.0,1885.0,612.0,545.0,,8649.0,,,,http://www.nhmharyana.gov.in/WriteReadData/userfiles/file/CoronaVirus/bulletin%2008042020%20evening.pdf,,5.77%,0.09534654528999999,95.34654529,,,
09/04/2020,Haryana,2964.0,156.0,2017.0,719.0,799.0,,,,,,http://www.nhmharyana.gov.in/WriteReadData/userfiles/file/CoronaVirus/bulletin%2009042020evening.pdf,,5.26%,0.10664421140000001,106.6442114,,,
10/04/2020,Haryana,3527.0,162.0,2447.0,918.0,914.0,,,,,,http://www.nhmharyana.gov.in/WriteReadData/userfiles/file/CoronaVirus/bulletin%2010042020%20evening.pdf,,4.59%,0.12690085480000002,126.90085479999999,,,
11/04/2020,Haryana,3663.0,165.0,2472.0,1026.0,,,,,,,https://t.me/indiacovid/2051,,4.50%,0.1317941115,131.79411149999999,,,
12/04/2020,Haryana,3903.0,181.0,2513.0,1209.0,,,,,,,http://www.nhmharyana.gov.in/WriteReadData/userfiles/file/CoronaVirus/Bulletin12042020%20evening.pdf,,4.64%,0.1404292703,140.4292703,,,
13/04/2020,Haryana,4489.0,182.0,2961.0,1346.0,,,,,,,http://www.nhmharyana.gov.in/WriteReadData/userfiles/file/CoronaVirus/bulletin%201342020%20Evening.pdf,http://www.nhmharyana.gov.in/page.aspx?id=208,4.05%,0.1615134497,161.5134497,,,
14/04/2020,Haryana,5210.0,184.0,3681.0,1345.0,,,,,,,http://www.nrhmhp.gov.in/,http://www.nhmharyana.gov.in/page.aspx?id=208,3.53%,0.187454906,187.454906,,,
15/04/2020,Haryana,7388.0,190.0,5581.0,1617.0,,,,,,,http://www.nhmharyana.gov.in/WriteReadData/userfiles/file/CoronaVirus/Bulletin%20date%2015042020evening.pdf,,2.57%,0.2658189723,265.81897230000004,,,
16/04/2020,Haryana,8064.0,214.0,6465.0,1408.0,,,,,,,http://www.nhmharyana.gov.in/WriteReadData/userfiles/file/CoronaVirus/Bulletin%2016-04-2020%20Evening.pdf,,2.65%,0.2901413363,290.1413363,,,
17/04/2020,Haryana,8884.0,223.0,7148.0,1527.0,,,,,,,http://www.nhmharyana.gov.in/WriteReadData/userfiles/file/CoronaVirus/Bulletin17_04_2020_Evening.pdf,,2.51%,0.3196447956,319.6447956,,,
18/04/2020,Haryana,10454.0,232.0,8093.0,2143.0,,,,,,,http://www.nhmharyana.gov.in/WriteReadData/userfiles/file/CoronaVirus/Bulletin%20-Morning-%2018-04-2020.pdfhttp://www.nhmharyana.gov.in/WriteReadData/userfiles/file/CoronaVirus/Bulletin%20Evening%2018-04-2020.pdf,,2.22%,0.3761331262,376.1331262,,,
19/04/2020,Haryana,12687.0,250.0,10230.0,2221.0,,,,,,,http://www.nhmharyana.gov.in/WriteReadData/userfiles/file/CoronaVirus/Media%20Bulletin%2019th%20Aprilevening.pdf,,1.97%,0.45647608310000004,456.47608310000004,,,
20/04/2020,Haryana,13894.0,251.0,11523.0,2134.0,,,,,,,http://www.nhmharyana.gov.in/WriteReadData/userfiles/file/CoronaVirus/Evening%20Bulletin%2020-04-2020.pdf,,1.81%,0.499903736,499.90373600000004,,,
21/04/2020,Haryana,14562.0,255.0,12253.0,2068.0,,,,,,,http://www.nhmharyana.gov.in/WriteReadData/userfiles/file/CoronaVirus/Evening%20Bulletin%2021-04-2020.pdf,,1.75%,0.5239382613,523.9382613,,,
22/04/2020,Haryana,15561.0,264.0,13397.0,1914.0,,,,,,,http://www.nhmharyana.gov.in/WriteReadData/userfiles/file/CoronaVirus/Evening%20Bulletin%2022-04-2020.pdf,,1.70%,0.5598821099,559.8821098999999,,,
23/04/2020,Haryana,17582.0,270.0,15452.0,1860.0,,,,,,,http://www.nhmharyana.gov.in/WriteReadData/userfiles/file/CoronaVirus/Evening%20Bulletin%2023-04-2020.pdf,,1.54%,0.6325973432,632.5973432,,,
24/04/2020,Haryana,18845.0,275.0,16642.0,1928.0,,,,,,,http://www.nhmharyana.gov.in/WriteReadData/userfiles/file/CoronaVirus/Evening%20Bulletin%2024-04-2020.pdf,,1.46%,0.6780398664,678.0398663999999,,,
25/04/2020,Haryana,20270.0,287.0,17787.0,2196.0,,,,,,,http://www.nhmharyana.gov.in/WriteReadData/userfiles/file/CoronaVirus/Evening%20Bulletin%2025-04-2020.pdf,,1.42%,0.7293111219,729.3111219,,,
26/04/2020,Haryana,21467.0,296.0,19241.0,1930.0,,,,,,,http://www.nhmharyana.gov.in/WriteReadData/userfiles/file/CoronaVirus/Evening%20Bulletin%2026-04-2020.pdf,,1.38%,0.7723789765000001,772.3789765,,,
27/04/2020,Haryana,22993.0,301.0,20702.0,1990.0,,,,,,,http://www.nhmharyana.gov.in/WriteReadData/userfiles/file/CoronaVirus/Evening%20Bulletin%2027-04-2020.pdf,,1.31%,0.8272841947,827.2841947000001,,,
28/04/2020,Haryana,24826.0,308.0,22578.0,1940.0,,,,,,,http://www.nhmharyana.gov.in/WriteReadData/userfiles/file/CoronaVirus/Evening%20Bulletin%20%2028-04-2020.pdf,,,0.8932352202,893.2352202,,,
29/04/2020,Haryana,26148.0,311.0,24071.0,1766.0,,,,,,,http://www.nhmharyana.gov.in/WriteReadData/userfiles/file/CoronaVirus/Evening%20Bulletin%2029-04-2020.pdf,,,0.9408005533,940.8005532999999,,,
30/04/2020,Haryana,,,,,,,,,,,,,,,,,,
01/05/2020,Haryana,,,,,,,,,,,,,,,,,,
10/04/2020,Himachal Pradesh,900.0,30.0,870.0,,,,,,,,https://twitter.com/nhm_hp/status/1248648731374714880,,3.33%,0.121884794,121.884794,7384022.0,,
11/04/2020,Himachal Pradesh,900.0,30.0,870.0,0.0,,,,,,,http://www.nrhmhp.gov.in/,,3.33%,0.121884794,121.884794,,,
12/04/2020,Himachal Pradesh,1113.0,32.0,944.0,137.0,,,,,,,https://twitter.com/nhm_hp/status/1249299563308974085?s=09,,2.88%,0.15073086189999998,150.7308619,,,
13/04/2020,Himachal Pradesh,1210.0,32.0,1109.0,69.0,,,,,,,https://twitter.com/ANI/status/1249664611621703680?s=09,,2.64%,0.1638673341,163.8673341,,,
14/04/2020,Himachal Pradesh,1311.0,32.0,1232.0,47.0,,,,,,,https://twitter.com/nhm_hp/status/1250095208496132096/photo/1,,2.44%,0.17754551649999997,177.5455165,,,
15/04/2020,Himachal Pradesh,1426.0,35.0,1391.0,0.0,,,,,,,https://twitter.com/nhm_hp/status/1250447162388824064?s=19,,2.45%,0.1931196846,193.1196846,,,
16/04/2020,Himachal Pradesh,1604.0,35.0,1559.0,10.0,,,,,,,https://twitter.com/nhm_hp/status/1250826722766761986?s=09,,2.18%,0.21722578829999997,217.2257883,,,
17/04/2020,Himachal Pradesh,1992.0,36.0,1740.0,216.0,,,,,,,https://twitter.com/nhm_hp/status/1251189060976037890/photo/1,,1.81%,0.2697716773,269.7716773,,,
18/04/2020,Himachal Pradesh,2207.0,39.0,2091.0,77.0,,,,,,,https://twitter.com/nhm_hp/status/1251554269267779584?s=19,,1.77%,0.29888860030000003,298.8886003,,,
19/04/2020,Himachal Pradesh,2553.0,39.0,2337.0,177.0,,,,,,,https://twitter.com/nhm_hp/status/1251902095738810368?s=19,,1.53%,0.3457465322,345.7465322,,,
20/04/2020,Himachal Pradesh,2892.0,39.0,2714.0,139.0,,,,,,,https://twitter.com/nhm_hp/status/1252268502104313856/photo/1,,1.35%,0.39165647119999997,391.6564712,,,
21/04/2020,Himachal Pradesh,3341.0,39.0,2933.0,369.0,,,,,,,https://twitter.com/nhm_hp/status/1252581823864946690,,1.17%,0.4524634407,452.4634407,,,
22/04/2020,Himachal Pradesh,3700.0,39.0,3510.0,151.0,,,,,,,https://twitter.com/nhm_hp/status/1253011070173798402?s=09,,1.05%,0.5010819307,501.0819307,,,
23/04/2020,Himachal Pradesh,4020.0,40.0,3943.0,37.0,,,,,,,https://twitter.com/nhm_hp/status/1253364412880019456?s=19,,1.00%,0.5444187463,544.4187463,,,
24/04/2020,Himachal Pradesh,4328.0,40.0,4160.0,128.0,,,,,,,https://twitter.com/nhm_hp/status/1253724575323557890,,0.92%,0.5861304314,586.1304313999999,,,
25/04/2020,Himachal Pradesh,4623.0,40.0,4363.0,220.0,,,,,,,https://twitter.com/nhm_hp/status/1254028713022406657,,0.87%,0.6260815583,626.0815583,,,
26/04/2020,Himachal Pradesh,4901.0,40.0,4794.0,67.0,,,,,,,https://twitter.com/nhm_hp/status/1254445018900836353?s=19,,0.82%,0.6637304168,663.7304168,,,
27/04/2020,Himachal Pradesh,5106.0,40.0,5022.0,44.0,,,,,,,https://twitter.com/nhm_hp/status/1254806333687242755,,0.78%,0.6914930643000001,691.4930642999999,,,
28/04/2020,Himachal Pradesh,5391.0,40.0,5344.0,7.0,,,,,,,https://twitter.com/nhm_hp/status/1255171851342544898?s=19,,,0.7300899157999999,730.0899158,,,
29/04/2020,Himachal Pradesh,5772.0,40.0,5726.0,6.0,,,,,,,https://twitter.com/nhm_hp/status/1255532748296650752/photo/1,,,0.7816878119,781.6878119,,,
30/04/2020,Himachal Pradesh,,,,,,,,,,,,,,,,,,
01/05/2020,Himachal Pradesh,,,,,,,,,,,,,,,,,,
05/04/2020,Jammu and Kashmir,1551.0,106.0,1429.0,16.0,,,,,,,https://twitter.com/diprjk/status/1246764514135040000,,6.83%,0.1151591888,115.15918880000001,13468313.0,,
10/04/2020,Jammu and Kashmir,2961.0,207.0,2754.0,,415.0,,,,,,https://twitter.com/diprjk/status/1248598584380887042/photo/1,,6.99%,0.2198493605,219.8493605,,,
11/04/2020,Jammu and Kashmir,3206.0,224.0,2982.0,,422.0,,,,,,https://twitter.com/diprjk/status/1248973710284820486?s=19,,6.99%,0.2380402059,238.0402059,,,
12/04/2020,Jammu and Kashmir,3600.0,245.0,3355.0,,433.0,,,,,,https://twitter.com/diprjk/status/1249325016266637313,https://twitter.com/diprjk,6.81%,0.2672940553,267.2940553,,,
13/04/2020,Jammu and Kashmir,4065.0,270.0,3795.0,,354.0,,,,,,https://twitter.com/diprjk/status/1249691818737844224,,6.64%,0.3018195375,301.8195375,,,
14/04/2020,Jammu and Kashmir,4619.0,278.0,4341.0,,365.0,,,,,,https://twitter.com/diprjk/status/1250065146074071041/photo/2,,6.02%,0.3429531226,342.95312260000003,,,
15/04/2020,Jammu and Kashmir,5171.0,300.0,4871.0,,270.0,,,,,,https://twitter.com/diprjk/status/1250429960319152128?s=19,,5.80%,0.3839382111,383.9382111,,,
16/04/2020,Jammu and Kashmir,5680.0,314.0,5366.0,,265.0,,,,,,https://mobile.twitter.com/diprjk/status/1250767946072199168/photo/2,,5.53%,0.42173062060000005,421.7306206,,,
17/04/2020,Jammu and Kashmir,6438.0,328.0,6110.0,,260.0,,,,,,https://mobile.twitter.com/diprjk/status/1251154157924282371/photo/2,,5.09%,0.4780108689,478.01086889999993,,,
18/04/2020,Jammu and Kashmir,6937.0,341.0,6596.0,,252.0,,,,,,https://twitter.com/diprjk/status/1251512200130228233,,4.92%,0.5150607949,515.0607949,,,
19/04/2020,Jammu and Kashmir,7895.0,350.0,7545.0,,264.0,,,,,,https://twitter.com/diprjk/status/1251889101550174209?s=19,,4.43%,0.5861907129999999,586.190713,,,
20/04/2020,Jammu and Kashmir,8612.0,368.0,8244.0,,229.0,,,,,,https://twitter.com/diprjk/status/1252217115072839682/photo/2,,4.27%,0.639426779,639.426779,,,
21/04/2020,Jammu and Kashmir,9220.0,380.0,8840.0,,248.0,,,,,,https://twitter.com/diprjk/status/1252595792776294400,,4.12%,0.684569775,684.569775,,,
22/04/2020,Jammu and Kashmir,10039.0,407.0,9632.0,,252.0,,,,,,https://twitter.com/diprjk/status/1252948284328431618/photo/2,,4.05%,0.7453791726000001,745.3791726,,,
23/04/2020,Jammu and Kashmir,10977.0,427.0,10550.0,,279.0,,,,,,https://twitter.com/diprjk/status/1253301875320909824/photo/2,,3.89%,0.8150241237000001,815.0241237,,,
24/04/2020,Jammu and Kashmir,11764.0,454.0,11310.0,,260.0,,,,,,https://twitter.com/diprjk/status/1253683232073080832,,3.86%,0.8734575740999999,873.4575741,,,
25/04/2020,Jammu and Kashmir,12835.0,494.0,12341.0,,263.0,,,,,,https://twitter.com/diprjk/status/1254041627196297217,,3.85%,0.9529775555,952.9775555,,,
26/04/2020,Jammu and Kashmir,13959.0,523.0,13436.0,,258.0,,,,,,https://twitter.com/diprjk/status/1254371474212884485/photo/2,,3.75%,1.0364326990000001,1036.432699,,,
27/04/2020,Jammu and Kashmir,14988.0,546.0,14442.0,,259.0,,,,,,https://twitter.com/diprjk/status/1254769375883620353,,3.64%,1.11283425,1112.83425,,,
28/04/2020,Jammu and Kashmir,16619.0,565.0,16054.0,,255.0,,,,,,https://twitter.com/diprjk/status/1255107665719472133?s=19,,3.40%,1.233933307,1233.933307,,,
29/04/2020,Jammu and Kashmir,18450.0,581.0,17869.0,,244.0,,,,,,https://twitter.com/diprjk/status/1255484146765479937?s=19,,3.15%,1.369882033,1369.882033,,,
30/04/2020,Jammu and Kashmir,,,,,,,,,,,,,,,,,,
01/05/2020,Jammu and Kashmir,,,,,,,,,,,,,,,,,,
10/04/2020,Jharkhand,1340.0,14.0,1326.0,,,,2891.0,239.0,,,https://twitter.com/BannaGupta76/status/1248679134676443136,,1.04%,0.03532460598,35.32460598,37933898.0,,
11/04/2020,Jharkhand,1546.0,17.0,1529.0,366.0,,,2891.0,239.0,,,https://twitter.com/BannaGupta76/status/1249017689827205121?s=20,,1.10%,0.0407551051,40.7551051,,,
12/04/2020,Jharkhand,1683.0,17.0,1666.0,434.0,,,2891.0,239.0,,,https://twitter.com/RanchiPIB/status/1249357914571038724,,1.01%,0.04436665063999999,44.36665064,,,
13/04/2020,Jharkhand,1982.0,19.0,1963.0,541.0,,,2891.0,239.0,,,https://twitter.com/RanchiPIB/status/1249748332857053186?s=20,,0.96%,0.052248782869999996,52.24878287,,,
14/04/2020,Jharkhand,2334.0,27.0,2307.0,451.0,,,2891.0,239.0,,,https://mobile.twitter.com/FobGumla/status/1250155260691144704/photo/1,,1.16%,0.061528082350000006,61.52808235,,,
15/04/2020,Jharkhand,,,,,,,,,,,,,,0.0,0.0,,,
16/04/2020,Jharkhand,,,,,,,,,,,,,,0.0,0.0,,,
17/04/2020,Jharkhand,3143.0,32.0,3111.0,,,,2891.0,239.0,,,https://mobile.twitter.com/FobGumla/status/1251192890342158338,,1.02%,0.08285465417,82.85465417,,,
18/04/2020,Jharkhand,3431.0,33.0,3398.0,,,,2891.0,239.0,,,https://twitter.com/FobGumla/status/1251564826863628289?s=09,,0.96%,0.09044680829,90.44680829,,,
19/04/2020,Jharkhand,3646.0,38.0,3608.0,,,,2891.0,239.0,,,https://mobile.twitter.com/FobGumla/status/1251922007429492736,,1.04%,0.09611456222999999,96.11456223,,,
20/04/2020,Jharkhand,4235.0,45.0,4190.0,,,,2891.0,239.0,,,https://mobile.twitter.com/RanchiPIB/status/1252286622701219840,,1.06%,0.1116415719,111.6415719,,,
21/04/2020,Jharkhand,,,,,,,,,,,,,,0.0,0.0,,,
22/04/2020,Jharkhand,5176.0,49.0,5127.0,,,,2891.0,239.0,,,https://twitter.com/RanchiPIB/status/1253147423527993345?s=09,,0.95%,0.136447881,136.447881,,,
23/04/2020,Jharkhand,5380.0,53.0,5327.0,,,,,,,,https://twitter.com/FobGumla/status/1253342601530368001?s=09,,0.99%,0.1418256568,141.82565680000002,,,
24/04/2020,Jharkhand,6162.0,57.0,6105.0,,,,,,,,https://twitter.com/FobGumla/status/1253727385851015170/photo/1,,0.93%,0.1624404642,162.4404642,,,
25/04/2020,Jharkhand,6970.0,67.0,6903.0,,,,,,,,https://twitter.com/FobGumla/status/1254135906212012034,,0.96%,0.18374067440000003,183.7406744,,,
26/04/2020,Jharkhand,7806.0,82.0,7724.0,,,,,,,,https://twitter.com/FobGumla/status/1254496811949023232?s=19,,1.05%,0.20577901059999998,205.7790106,,,
27/04/2020,Jharkhand,8757.0,103.0,8654.0,,,,,,,,https://twitter.com/RanchiPIB/status/1254812298784342018?s=19,,1.18%,0.23084893620000002,230.84893619999997,,,
28/04/2020,Jharkhand,9408.0,105.0,9303.0,,,,,,,,https://twitter.com/RanchiPIB/status/1255181900785696769?s=19,,1.12%,0.2480103679,248.0103679,,,
29/04/2020,Jharkhand,10268.0,107.0,10161.0,,,,,,,,https://twitter.com/FobGumla/status/1255623927360962560/photo/1,,1.04%,0.2706813837,270.68138369999997,,,
30/04/2020,Jharkhand,,,,,,,,,,,,,,,,,,
03/04/2020,Karnataka,4587.0,128.0,4281.0,178.0,219.0,,,,,,https://karunadu.karnataka.gov.in/hfw/kannada/nCovDocs/03-04-2020(English).pdf,,2.79%,0.06863253365000001,68.63253365,66834193.0,,
07/04/2020,Karnataka,6580.0,175.0,5942.0,,,,1540.0,250.0,130.0,,https://karunadu.karnataka.gov.in/hfw/kannada/nCovDocs/07-04-2020(English).pdf,,2.66%,0.09845259896,98.45259896,,,
08/04/2020,Karnataka,6967.0,181.0,6473.0,,,,,,,,https://karunadu.karnataka.gov.in/hfw/kannada/nCovDocs/08-04-2020(English).pdf,,2.60%,0.10424304820000001,104.2430482,,,
09/04/2020,Karnataka,7613.0,197.0,7176.0,,,,,,,,https://karunadu.karnataka.gov.in/hfw/kannada/nCovDocs/09-04-2020(English).pdf,,2.59%,0.1139087592,113.90875919999999,,,
10/04/2020,Karnataka,7975.0,207.0,7673.0,,,,,,,,https://karunadu.karnataka.gov.in/hfw/kannada/nCovDocs/10-04-2020(English).pdf,,2.60%,0.1193251484,119.32514840000002,,,
11/04/2020,Karnataka,8560.0,215.0,8231.0,,,,,,,,https://karunadu.karnataka.gov.in/hfw/kannada/nCovDocs/11-04-2020(English).pdf,,2.51%,0.128078153,128.07815300000001,,,
12/04/2020,Karnataka,9251.0,232.0,8831.0,,,,,,,,https://karunadu.karnataka.gov.in/hfw/kannada/nCovDocs/12-04-2020(English).pdf,https://karunadu.karnataka.gov.in/hfw/kannada/Pages/cv-media-bulletin.aspx,2.51%,0.1384171722,138.41717219999998,,,
13/04/2020,Karnataka,10017.0,247.0,9572.0,,,,,,,,https://karunadu.karnataka.gov.in/hfw/kannada/nCovDocs/13-04-2020(English).pdf,,2.47%,0.14987837140000002,149.87837140000002,,,
14/04/2020,Karnataka,11107.0,260.0,10554.0,,,,,,,,https://karunadu.karnataka.gov.in/hfw/kannada/nCovDocs/14-04-2020(English).pdf ,,2.34%,0.1661873885,166.1873885,,,
15/04/2020,Karnataka,12483.0,279.0,11905.0,,,,,,,,https://karunadu.karnataka.gov.in/hfw/kannada/nCovDocs/15-04-2020(English).pdf,,2.24%,0.1867756524,186.77565239999998,,,
16/04/2020,Karnataka,13724.0,315.0,13074.0,,,,,,,,https://karunadu.karnataka.gov.in/hfw/kannada/nCovDocs/16-04-2020(English).pdf,,2.30%,0.2053439921,205.34399209999998,,,
17/04/2020,Karnataka,17594.0,359.0,14606.0,,,,,,,9864.0,https://karunadu.karnataka.gov.in/hfw/kannada/nCovDocs/17-04-2020(English).pdf,,2.04%,0.2632484842,263.24848419999995,,,
18/04/2020,Karnataka,19186.0,384.0,15658.0,,,,,,,6366.0,https://covid19.karnataka.gov.in/storage/pdf-files/Media-Bulletin/18-04-2020-05-00PM-English.pdf,,2.00%,0.2870686267,287.0686267,,,
19/04/2020,Karnataka,21367.0,390.0,17662.0,,,,,,,4609.0,https://covid19.karnataka.gov.in/storage/pdf-files/Media-Bulletin/19-04-2020-05-00-English.pdf,,1.83%,0.3197016234,319.70162339999996,,,
20/04/2020,Karnataka,23460.0,408.0,19497.0,,,,,,,3564.0,https://karunadu.karnataka.gov.in/hfw/kannada/nCovDocs/20-04-2020(English).pdf,,1.74%,0.35101792880000005,351.0179288,,,
21/04/2020,Karnataka,26233.0,418.0,22222.0,,,,,,,3802.0,https://covid19.karnataka.gov.in/storage/pdf-files/Media-Bulletin/21-04-2020-05-00-English.pdf,,1.59%,0.39250866689999997,392.5086669,,,
22/04/2020,Karnataka,29512.0,427.0,25424.0,,,,,,,4898.0,https://covid19.karnataka.gov.in/storage/pdf-files/Media-Bulletin/22-04-2020-05-00-English.pdf,,1.45%,0.44157038,441.57038,,,
23/04/2020,Karnataka,32122.0,445.0,28174.0,,,,,,,5944.0,https://covid19.karnataka.gov.in/storage/pdf-files/Media-Bulletin/23-04-2020-05-00-English.pdf,,1.39%,0.4806222468,480.6222468,,,
24/04/2020,Karnataka,35958.0,474.0,31914.0,,,,,,,5943.0,https://covid19.karnataka.gov.in/storage/pdf-files/Media-Bulletin/24-04-2020-05-00-English.pdf,,1.32%,0.5380180172,538.0180172,,,
25/04/2020,Karnataka,39083.0,500.0,34888.0,,,,,,,8731.0,https://covid19.karnataka.gov.in/storage/pdf-files/Media-Bulletin/25-04-2020%20-%2005-00%20-%20English.pdf,,1.28%,0.5847755204999999,584.7755205,,,
26/04/2020,Karnataka,42964.0,503.0,38207.0,,,,,,,8486.0,https://covid19.karnataka.gov.in/storage/pdf-files/Media-Bulletin/26-04-2020%20-%2005-00%20-%20English.pdf,,1.17%,0.642844599,642.844599,,,
27/04/2020,Karnataka,45685.0,512.0,43791.0,,,,,,,8011.0,https://covid19.karnataka.gov.in/storage/pdf-files/Media-Bulletin/27-04-2020%20-%2005-00%20-%20English.pdf,,1.12%,0.6835572923000001,683.5572923,,,
28/04/2020,Karnataka,50512.0,523.0,48508.0,,,,,,,8252.0,https://covid19.karnataka.gov.in/storage/pdf-files/Media-Bulletin/28-04-2020%20-%2005-00%20-%20English.pdf,,,0.7557808022,755.7808022,,,
29/04/2020,Karnataka,55404.0,535.0,53241.0,,,,,,,8374.0,https://covid19.karnataka.gov.in/storage/pdf-files/Media-Bulletin/Revised%20-%2029-04-2020%20-%2005-00%20-%20English.pdf,,,,,,,
30/04/2020,Karnataka,,,,,,,,,,,,,,,,,,
01/04/2020,Kerala,7965.0,265.0,7256.0,444.0,622.0,,,,,,https://dashboard.kerala.gov.in/testing-view-public.php,https://dashboard.kerala.gov.in/quarantine-view-public.php,3.33%,0.22460757760000002,224.6075776,35461849.0,,
02/04/2020,Kerala,8456.0,286.0,7622.0,548.0,643.0,,,,,,https://dashboard.kerala.gov.in/testing-view-public.php,https://dashboard.kerala.gov.in/quarantine-view-public.php,3.38%,0.23845344329999998,238.45344330000003,,,
03/04/2020,Kerala,9139.0,295.0,8126.0,718.0,706.0,,,,,,https://dashboard.kerala.gov.in/,https://dashboard.kerala.gov.in/quarantine-view-public.php,3.23%,0.25771357829999997,257.71357830000005,,,
04/02/2020,Kerala,9744.0,306.0,8586.0,852.0,734.0,,,,,,https://dashboard.kerala.gov.in/testing-view-public.php,https://dashboard.kerala.gov.in/quarantine-view-public.php,3.14%,0.27477416649999997,274.7741665,,,
05/04/2020,Kerala,10221.0,314.0,9300.0,607.0,776.0,,,,,,https://dashboard.kerala.gov.in/testing-view-public.php,https://dashboard.kerala.gov.in/quarantine-view-public.php,3.07%,0.2882252417,288.22524169999997,,,
06/04/2020,Kerala,10716.0,327.0,9607.0,782.0,795.0,,,,,,https://dashboard.kerala.gov.in/testing-view-public.php,https://dashboard.kerala.gov.in/quarantine-view-public.php,3.05%,0.3021839047,302.18390469999997,,,
07/04/2020,Kerala,11232.0,336.0,10250.0,646.0,752.0,,,,,,https://dashboard.kerala.gov.in/testing-view-public.php,https://dashboard.kerala.gov.in/quarantine-view-public.php,2.99%,0.3167347535,316.7347535,,,
08/04/2020,Kerala,11986.0,354.0,10906.0,735.0,749.0,,,,,,https://dashboard.kerala.gov.in/testing-view-public.php,https://dashboard.kerala.gov.in/quarantine-view-public.php,2.95%,0.3379970401,337.9970401,,,
09/04/2020,Kerala,12710.0,258.0,11469.0,884.0,723.0,,,,,,http://dhs.kerala.gov.in/wp-content/uploads/2020/04/Daily-Bulletin-HFWD-English-April-9.pdf,https://dashboard.kerala.gov.in/quarantine-view-public.php,2.03%,0.35841334729999996,358.4133473,,,
09/04/2020,Kerala,12710.0,357.0,11469.0,884.0,723.0,,,,,,https://twitter.com/vijayanpinarayi/status/1248267225825308677,https://dashboard.kerala.gov.in/,2.81%,0.35841334729999996,358.4133473,,,
10/04/2020,Kerala,13339.0,364.0,12335.0,640.0,730.0,,,,,,http://dhs.kerala.gov.in/wp-content/uploads/2020/04/Daily-Bulletin-HFWD-English-April-10.pdf,https://dashboard.kerala.gov.in/quarantine-view-public.php,2.73%,0.37615071899999997,376.150719,,,
11/04/2020,Kerala,14163.0,373.0,12818.0,972.0,814.0,,,,,,https://dashboard.kerala.gov.in/quarantine-view-public.php,https://dashboard.kerala.gov.in/testing-view-public.php,2.63%,0.3993869581,399.3869581,,,
12/04/2020,Kerala,14989.0,375.0,13802.0,812.0,,,,,,,http://dhs.kerala.gov.in/wp-content/uploads/2020/04/Daily-Bulletin-HFWD-English-April-12.pdf,https://dashboard.kerala.gov.in/testing-view-public.php,2.50%,0.4226795958,422.6795958000001,,,
13/04/2020,Kerala,15683.0,378.0,14829.0,476.0,,,,,,,https://dashboard.kerala.gov.in/testing-view-public.php,http://dhs.kerala.gov.in/wp-content/uploads/2020/04/Daily-Bulletin-HFWD-English-April-13.pdf,2.41%,0.44224992329999996,442.2499233,,,
14/04/2020,Kerala,16235.0,386.0,15488.0,361.0,,,,,,,https://dashboard.kerala.gov.in/testing-view-public.php,http://dhs.kerala.gov.in/wp-content/uploads/2020/04/Daily-Bulletin-HFWD-English-April-14.pdf,2.38%,0.4578159475,457.81594749999994,,,
15/04/2020,Kerala,16475.0,387.0,16002.0,86.0,,,,,,,https://dashboard.kerala.gov.in/testing-view-public.php,,2.35%,0.46458378409999995,464.5837841,,,
16/04/2020,Kerala,17400.0,394.0,16459.0,547.0,,,,,,,https://dashboard.kerala.gov.in/testing-view-public.php,,2.26%,0.4906681544,490.6681544,,,
17/04/2020,Kerala,18029.0,395.0,17279.0,355.0,,,,,,,https://dashboard.kerala.gov.in/testing-view-public.php,,2.19%,0.5084055262,508.4055262,,,
18/04/2020,Kerala,18774.0,399.0,17763.0,612.0,,,,,,,https://dashboard.kerala.gov.in/testing-view-public.php,,2.13%,0.529414019,529.414019,,,
19/04/2020,Kerala,19351.0,401.0,18547.0,403.0,,,,,,,https://dashboard.kerala.gov.in/testing-view-public.php,,2.07%,0.5456850261999999,545.6850262,,,
20/04/2020,Kerala,19756.0,408.0,19074.0,274.0,,,,,,,https://dashboard.kerala.gov.in/testing-view-public.php,,2.07%,0.5571057505,557.1057505,,,
21/04/2020,Kerala,20252.0,426.0,19442.0,384.0,442.0,,,,,,https://dashboard.kerala.gov.in/testing-view-public.php,,2.10%,0.5710926128,571.0926128,,,
22/04/2020,Kerala,20821.0,437.0,19998.0,386.0,346.0,,,,,,https://dashboard.kerala.gov.in/testing-view-public.php,,2.10%,0.5871380254,587.1380254,,,
23/04/2020,Kerala,21334.0,447.0,20326.0,561.0,,,,,,,https://dashboard.kerala.gov.in/testing-view-public.php,,2.10%,0.6016042762,601.6042762,,,
24/04/2020,Kerala,21940.0,450.0,20830.0,660.0,,,,,,,https://dashboard.kerala.gov.in/testing-view-public.php,,2.05%,0.6186930636,618.6930636,,,
25/04/2020,Kerala,22360.0,457.0,21475.0,428.0,,,,,,,https://dashboard.kerala.gov.in/testing-view-public.php,,2.04%,0.6305367777,630.5367777,,,
26/04/2020,Kerala,22954.0,468.0,21997.0,489.0,,,,,,,https://dashboard.kerala.gov.in/testing-view-public.php,,2.04%,0.6472871733,647.2871733,,,
27/04/2020,Kerala,23271.0,481.0,22537.0,253.0,,,,,,,https://dashboard.kerala.gov.in/testing-view-public.php,,2.07%,0.6562263575,656.2263575000001,,,
28/04/2020,Kerala,23980.0,485.0,23277.0,218.0,,,,,,,https://dashboard.kerala.gov.in/testing-view-public.php,,2.02%,0.6762196748,676.2196748,,,
29/04/2020,Kerala,24952.0,486.0,23880.0,,,,,,,,http://dhs.kerala.gov.in/wp-content/uploads/2020/04/Daily-Bulletin-HFWD-English-April-29_F.pdf,https://www.mohfw.gov.in/,1.95%,0.7036294131,703.6294131,,,
30/04/2020,Kerala,,,,,,,,,,,,,,,,,,
13/04/2020,Ladakh,618.0,17.0,,,,,,,,,http://newsonair.com/News?title=Ladakh-well-ahead-of-all-states-and-UTs-in-testing-suspects-for-COVID-19&id=385511,,2.75%,2.207742101,2207.7421010000003,279924.0,,
14/04/2020,Ladakh,760.0,17.0,615.0,69.0,,,,,,,https://twitter.com/DIPR_Leh/status/1250016972072292353?s=09,,2.24%,2.715022649,2715.022649,,,
15/04/2020,Ladakh,820.0,18.0,657.0,86.0,154.0,,,,,,https://twitter.com/ladags/status/1250457259299110914?s=19,,2.20%,2.929366542,2929.366542,,,
16/04/2020,Ladakh,917.0,18.0,695.0,145.0,157.0,,,,,,https://twitter.com/ladags/status/1250757796007567360?s=19,,1.96%,3.27588917,3275.88917,,,
19/04/2020,Ladakh,991.0,18.0,797.0,117.0,157.0,,154.0,,,,https://twitter.com/ladags/status/1251890558810812422?s=19,,1.82%,3.540246638,3540.246638,,,
21/04/2020,Ladakh,1137.0,18.0,896.0,164.0,154.0,,,,,,https://twitter.com/ladags/status/1252646578688389121?s=09,,1.58%,4.061816779,4061.8167789999998,,,
29/04/2020,Ladakh,1949.0,22.0,1299.0,556.0,647.0,,,,,,https://mobile.twitter.com/ladags/status/1255549292908998656?s=19,,1.13%,6.962604135,6962.604135,,,
05/04/2020,Madhya Pradesh,2812.0,193.0,1954.0,665.0,,,,,,,https://twitter.com/JansamparkMP/status/1246841187073273857,,6.86%,0.033536207910000004,33.53620791,83849671.0,,
07/04/2020,Madhya Pradesh,3770.0,290.0,3125.0,355.0,,,9492.0,1598.0,993.0,,https://twitter.com/JansamparkMP/status/1247554866043473920,,7.69%,0.04496141672,44.96141672,,,
08/04/2020,Madhya Pradesh,4056.0,341.0,3443.0,272.0,,,,,,,https://twitter.com/JansamparkMP/status/1247907281703862272/photo/2,,8.41%,0.048372282819999994,48.37228282,,,
09/04/2020,Madhya Pradesh,5135.0,411.0,3989.0,,,,9492.0,1598.0,993.0,,https://twitter.com/JansamparkMP/status/1248269831876382720?s=20,,8.00%,0.06124055037000001,61.24055037,,,
10/04/2020,Madhya Pradesh,7049.0,451.0,4840.0,,,,9492.0,1598.0,993.0,,https://twitter.com/JansamparkMP/status/1248611777526394885?s=19,,6.40%,0.08406711577999999,84.06711578,,,
11/04/2020,Madhya Pradesh,8516.0,529.0,5790.0,,,,9492.0,1598.0,993.0,,https://twitter.com/JansamparkMP/status/1249002767026274304?s=19,,6.21%,0.1015627122,101.56271219999999,,,
12/04/2020,Madhya Pradesh,10481.0,562.0,6875.0,,,,9492.0,1598.0,993.0,,https://twitter.com/JansamparkMP/status/1249287199687716864?s=19,,5.36%,0.12499750890000001,124.99750890000001,,,
13/04/2020,Madhya Pradesh,10481.0,614.0,6875.0,,,,16868.0,716.0,622.0,548464.0,https://www.google.com/url?q=https://twitter.com/JansamparkMP/status/1249707440288878592?s%3D19&sa=D&ust=1586894104440000&usg=AFQjCNESb6V_VO9Qoh8zQT0BFeSThzRGJg,,5.86%,0.12499750890000001,124.99750890000001,,,
14/04/2020,Madhya Pradesh,8105.0,741.0,7103.0,4835.0,,,20243.0,783.0,690.0,578780.0,https://twitter.com/JansamparkMP/status/1250071572779601920?s=09,,9.14%,0.09666108289999999,96.6610829,,,
15/04/2020,Madhya Pradesh,9596.0,938.0,8658.0,4501.0,,,29355.0,840.0,690.0,607324.0,https://twitter.com/JansamparkMP/status/1250441930896334852?s=09,,9.77%,0.1144429058,114.44290579999999,,,
16/04/2020,Madhya Pradesh,13492.0,1164.0,12326.0,4158.0,,,,,,637288.0,https://twitter.com/JansamparkMP/status/1250813847650177024,,8.63%,0.1609070118,160.9070118,,,
17/04/2020,Madhya Pradesh,15302.0,1310.0,13992.0,4996.0,,,,,,668994.0,https://twitter.com/JansamparkMP/status/1251155692213334018,,8.56%,0.18249326230000001,182.49326230000003,,,
18/04/2020,Madhya Pradesh,14978.0,1402.0,13576.0,7251.0,,,,,,698326.0,https://twitter.com/JansamparkMP/status/1251528687935057920/photo/1,,9.36%,0.17862920420000003,178.6292042,,,
19/04/2020,Madhya Pradesh,17835.0,1407.0,16428.0,7054.0,,,20243.0,783.0,690.0,726490.0,https://twitter.com/JansamparkMP/status/1251866633360093184/photo/2,,7.89%,0.2127020868,212.70208680000002,,,
20/04/2020,Madhya Pradesh,27661.0,1485.0,17657.0,8519.0,,,33514.0,865.0,592.0,752852.0,https://twitter.com/JansamparkMP/status/1252220621112647683/photo/2,,5.37%,0.32988799679999997,329.88799680000005,,,
21/04/2020,Madhya Pradesh,20905.0,1552.0,19353.0,8215.0,,,,,,781338.0,https://twitter.com/JansamparkMP/status/1252572205768114178/photo/1,,7.42%,0.2493152299,249.31522990000002,,,
22/04/2020,Madhya Pradesh,22664.0,1587.0,21077.0,8414.0,,,,,,808177.0,https://twitter.com/JansamparkMP/status/1252908046629691392/photo/1,,7.00%,0.27029324899999996,270.293249,,,
23/04/2020,Madhya Pradesh,24548.0,1687.0,22861.0,8526.0,,,,,,836495.0,https://twitter.com/JansamparkMP/status/1253294536438284288?s=09,,6.87%,0.2927620312,292.76203119999997,,,
24/04/2020,Madhya Pradesh,26233.0,1846.0,24387.0,8843.0,,,33514.0,865.0,592.0,876840.0,https://twitter.com/JansamparkMP/status/1253649153525153792?s=19,,7.04%,0.31285751850000004,312.8575185,,,
25/04/2020,Madhya Pradesh,27866.0,1945.0,25921.0,9021.0,,,33514.0,865.0,592.0,918227.0,https://twitter.com/JansamparkMP/status/1254034656330240001,,6.98%,0.3323328484,332.3328484,,,
26/04/2020,Madhya Pradesh,25232.0,2090.0,21716.0,,,,33514.0,865.0,592.0,961106.0,https://www.mpinfo.org/MPinfoStatic/other_updates/Health-Bulletin-26April2020.pdf,https://t.me/indiacovid/3261?single,8.28%,0.3009194872,300.9194872,,,
27/04/2020,Madhya Pradesh,27009.0,2165.0,23500.0,,,,33514.0,865.0,592.0,991950.0,https://www.mpinfo.org/MPinfoStatic/other_updates/Health-Bulletin-27April2020.pdf,,,0.3221121762,322.1121762,,,
28/04/2020,Madhya Pradesh,31060.0,2387.0,26159.0,,,,33514.0,865.0,592.0,1024460.0,https://www.mpinfo.org/MPinfoStatic/other_updates/Health-Bulletin-28April2020.pdf,,,0.3704248285,370.4248285,,,
29/04/2020,Madhya Pradesh,33837.0,2560.0,29261.0,,,,33514.0,865.0,592.0,1056896.0,https://twitter.com/JansamparkMP/status/1255502748377899009?s=09,,,0.40354362270000005,403.5436227,,,
30/04/2020,Madhya Pradesh,,,,,,,,,,,,,,,,,,
01/05/2020,Madhya Pradesh,,,,,,,,,,,,,,,,,,
05/04/2020,Maharashtra,16008.0,,14837.0,,3122.0,,,,,,,,0.00%,0.1312938572,131.2938572,121924973.0,,
06/04/2020,Maharashtra,17563.0,868.0,15808.0,,3498.0,,,,,,https://www.cnbctv18.com/healthcare/maharashtra-covid-19-tally-mounts-to-868-with-7-fresh-deaths-5634351.htm,,4.94%,0.1440476021,144.0476021,,,
07/04/2020,Maharashtra,20877.0,1018.0,19290.0,569.0,38703.0,,,,,,https://arogya.maharashtra.gov.in/pdf/covidepressnote07.pdf,,4.88%,0.171228252,171.228252,,,
09/04/2020,Maharashtra,20877.0,868.0,19290.0,715.0,,,,,,,https://twitter.com/Maha_MEDD/status/1248156898894811136,https://drive.google.com/file/d/1InVpTI2sfv8N24YVOJVlVUMQ5Z-d8ZRq/view,4.16%,0.171228252,171.228252,,,
10/04/2020,Maharashtra,30000.0,1135.0,28865.0,,,,,,,,https://twitter.com/Maha_MEDD/status/1248484537216065536,https://drive.google.com/file/d/1EnHn3WjLO2EkLjDRiv7C_B44IY_1HuiX/view,3.78%,0.2460529559,246.0529559,,,
11/04/2020,Maharashtra,31841.0,1761.0,30477.0,,,,,,,,https://twitter.com/Maha_MEDD/status/1248859409419132929?s=19,https://phdmah.maps.arcgis.com/apps/opsdashboard/index.html#/2cc0055832264c5296890745e9ea415c,5.53%,0.26115240559999997,261.1524056,,,
12/04/2020,Maharashtra,35668.0,1761.0,34094.0,,,,,,,,https://twitter.com/Maha_MEDD/status/1249210483812548608?s=19,https://phdmah.maps.arcgis.com/apps/opsdashboard/index.html#/2cc0055832264c5296890745e9ea415c,4.94%,0.29254056100000003,292.54056099999997,,,
13/04/2020,Maharashtra,39725.0,1996.0,37964.0,,,,,,,,https://twitter.com/Maha_MEDD/status/1249593448820125697,https://phdmah.maps.arcgis.com/apps/opsdashboard/index.html#/2cc0055832264c5296890745e9ea415c,5.02%,0.3258151224,325.8151224,,,
14/04/2020,Maharashtra,41071.0,2340.0,39089.0,,,,,,,,https://twitter.com/Maha_MEDD/status/1249943643357511680?s=19,https://phdmah.maps.arcgis.com/apps/opsdashboard/index.html#/2cc0055832264c5296890745e9ea415c,5.70%,0.3368546983,336.8546983,,,
15/04/2020,Maharashtra,45142.0,2690.0,42808.0,,,,,,,,https://twitter.com/Maha_MEDD/status/1250306461097320448,https://drive.google.com/file/d/1ItKhc3Ch9ueTg3EsMmq0dlQTgPlt-l5a/view,5.96%,0.3702440845,370.24408450000004,,,
16/04/2020,Maharashtra,50882.0,2916.0,48198.0,,,,,,,,https://twitter.com/Maha_MEDD/status/1250659519840968704,,5.73%,0.4173222167,417.3222167,,,
17/04/2020,Maharashtra,55678.0,3204.0,52762.0,,,,,,,,https://twitter.com/Maha_MEDD/status/1251045031869214720,,5.75%,0.4566578825,456.6578825,,,
18/04/2020,Maharashtra,60166.0,3323.0,56964.0,,,,,,,,https://twitter.com/Maha_MEDD/status/1251399078555947008,,5.52%,0.4934674047,493.46740470000003,,,
19/04/2020,Maharashtra,66796.0,3651.0,63476.0,,,,,,,,https://twitter.com/Maha_MEDD/status/1251760884512243714,,5.47%,0.547845108,547.845108,,,
20/04/2020,Maharashtra,71321.0,4204.0,67673.0,,,,,,,,https://twitter.com/Maha_MEDD/status/1252114391090130947,,5.89%,0.5849580955,584.9580955,,,
21/04/2020,Maharashtra,75838.0,4676.0,71638.0,,,,,,,,https://twitter.com/Maha_MEDD/status/1252467996393537536,,6.17%,0.6220054689,622.0054689,,,
22/04/2020,Maharashtra,82304.0,5229.0,77638.0,,,,,,,,https://twitter.com/Maha_MEDD/status/1252842842268950530,,6.35%,0.6750380826000001,675.0380826,,,
23/04/2020,Maharashtra,89197.0,5218.0,83979.0,,,,,,,,https://twitter.com/Maha_MEDD/status/1253199854890713089,,5.85%,0.7315728501000001,731.5728501,,,
24/04/2020,Maharashtra,95210.0,6427.0,89561.0,,,,,,,,https://twitter.com/Maha_MEDD/status/1253554384606298114?s=19,,6.75%,0.7808900643000001,780.8900643,,,
25/04/2020,Maharashtra,100912.0,6817.0,94485.0,,,,,,,,https://twitter.com/Maha_MEDD/status/1253930643949367296,,6.76%,0.8276565294,827.6565294,,,
26/04/2020,Maharashtra,107979.0,7928.0,101162.0,,,,,,,,https://twitter.com/Maha_MEDD/status/1254288768577818625,,7.34%,0.885618404,885.6184039999999,,,
27/04/2020,Maharashtra,115147.0,8068.0,107519.0,,,,,,,,https://twitter.com/Maha_MEDD/status/1254647537991991297,,7.01%,0.944408657,944.4086570000001,,,
28/04/2020,Maharashtra,120620.0,8590.0,112552.0,,,,,,,,https://twitter.com/Maha_MEDD/status/1255016183411077121,,7.12%,0.9892969179000001,989.2969178999999,,,
29/04/2020,Maharashtra,128726.0,9318.0,120136.0,,,,,,,,https://twitter.com/Maha_MEDD/status/1255371358323773445?s=19,,7.24%,1.055780427,1055.780427,,,
30/04/2020,Maharashtra,,,,,,,,,,,,,,,,,,
01/05/2020,Maharashtra,,,,,,,,,,,,,,,,,,
16/02/2020,Meghalaya,552.0,7.0,299.0,246.0,,,,,,,https://t.me/indiacovid/2463,,1.27%,0.166253743,166.253743,3320226.0,,
17/04/2020,Meghalaya,617.0,9.0,541.0,,105.0,,,,,,http://meghalaya.gov.in/megcms/sites/default/files/press_release/CM%20Media%20Brief_0.pdf,,1.46%,0.1858307236,185.8307236,,,
18/04/2020,Meghalaya,738.0,11.0,667.0,60.0,,,,,,,http://meghalayaonline.gov.in/covid/login.htm#,,1.49%,0.2222740259,222.2740259,,,
19/04/2020,Meghalaya,766.0,11.0,678.0,77.0,,,,,,,http://meghalayaonline.gov.in/covid/login.htm#,,1.44%,0.2307071868,230.70718680000002,,,
20/04/2020,Meghalaya,838.0,11.0,714.0,,,,,,,,http://meghalayaonline.gov.in/covid/login.htm#,,1.31%,0.2523924576,252.3924576,,,
21/04/2020,Meghalaya,933.0,12.0,821.0,100.0,,,,,,,http://meghalayaonline.gov.in/covid/login.htm#,,1.29%,0.2810049677,281.00496769999995,,,
22/04/2020,Meghalaya,1046.0,12.0,904.0,130.0,,,,,,,http://meghalayaonline.gov.in/covid/login.htm#,,1.15%,0.3150387956,315.0387956,,,
23/04/2020,Meghalaya,1109.0,12.0,1000.0,97.0,,,,,,,http://meghalayaonline.gov.in/covid/login.htm#,,1.08%,0.3340134075,334.0134075,,,
24/04/2020,Meghalaya,1130.0,12.0,1048.0,70.0,,,,,,,http://meghalayaonline.gov.in/covid/login.htm#,,1.06%,0.3403382782,340.3382782,,,
25/04/2020,Meghalaya,1169.0,12.0,1097.0,60.0,,,,,,,http://meghalayaonline.gov.in/covid/login.htm#,,1.03%,0.35208446649999997,352.0844665,,,
26/04/2020,Meghalaya,,,,,,,,,,,,,,0.0,0.0,,,
27/04/2020,Meghalaya,1254.0,12.0,1182.0,60.0,,,,,,,http://meghalayaonline.gov.in/covid/login.htm#,,0.96%,0.3776851335,377.6851335,,,
28/04/2020,Meghalaya,1382.0,12.0,1202.0,168.0,,,,,,,https://twitter.com/ANI/status/1255184343103766532?s=19,,0.87%,0.4162367261,416.23672610000006,,,
29/04/2020,Meghalaya,1397.0,12.0,1288.0,97.0,,,,,,,http://meghalayaonline.gov.in/covid/login.htm#,,,,,,,
30/04/2020,Meghalaya,,,,,,,,,,,,,,,,,,
06/04/2020,Mizoram,58.0,1.0,0.0,0.0,207.0,,,,,,https://health.mizoram.gov.in/post/covid-19-bulletin-date-642020,,1.72%,0.04745797106000001,47.45797106,1222134.0,,
07/04/2020,Mizoram,58.0,1.0,0.0,0.0,207.0,,,,,,https://health.mizoram.gov.in/post/covid-19-bulletin-date-742020,,1.72%,0.04745797106000001,47.45797106,,,
08/04/2020,Mizoram,74.0,1.0,,0.0,,,,,,,https://health.mizoram.gov.in/post/covid-19-bulletin-date-842020,,1.35%,0.06054982513999999,60.54982514,,,
09/04/2020,Mizoram,84.0,1.0,,,,,,,,,https://health.mizoram.gov.in/post/covid-19-bulletin-date-942020,,1.19%,0.06873223394,68.73223394,,,
12/04/2020,Mizoram,87.0,1.0,,,,,,,,,https://health.mizoram.gov.in/post/status-of-state-surveillance-of-covid-19-date-1142020,,1.15%,0.07118695659,71.18695659,,,
13/04/2020,Mizoram,89.0,1.0,,,,,,,,,https://t.me/indiacovid/2218,,1.12%,0.07282343835,72.82343835,,,
14/04/2020,Mizoram,91.0,1.0,,,,,,,,,https://health.mizoram.gov.in/post/covid-19-bulletin-date-1442020,,1.10%,0.07445992011,74.45992011,,,
15/04/2020,Mizoram,94.0,1.0,,,,,,,,,https://health.mizoram.gov.in/post/covid-19-bulletin-date-1542020,,1.06%,0.07691464275,76.91464275,,,
16/04/2020,Mizoram,94.0,1.0,,,,,,,,,https://health.mizoram.gov.in/post/covid-19-bulletin-date-1642020,,1.06%,0.07691464275,76.91464275,,,
18/04/2020,Mizoram,102.0,1.0,,,,,,,,,https://health.mizoram.gov.in/post/covid-19-bulletin-date-1842020,,0.98%,0.08346056979,83.46056979,,,
19/04/2020,Mizoram,116.0,1.0,,,,,,,,,https://health.mizoram.gov.in/post/covid-19-bulletin-date-1942020,,0.86%,0.09491594211000001,94.91594211,,,
20/04/2020,Mizoram,132.0,1.0,,,,,,,,,https://health.mizoram.gov.in/post/covid-19-bulletin-date-2042020,,0.76%,0.10800779619999999,108.0077962,,,
21/04/2020,Mizoram,135.0,1.0,,,,,,,,,https://t.me/indiacovid/2898?single,,0.74%,0.1104625188,110.46251880000001,,,
22/04/2020,Mizoram,135.0,1.0,,,,,,,,,https://health.mizoram.gov.in/post/covid-19-bulletin-date-2242020,,0.74%,0.1104625188,110.46251880000001,,,
23/04/2020,Mizoram,137.0,1.0,,,,,,,,,https://health.mizoram.gov.in/post/covid-19-bulletin-date-2342020,,0.73%,0.1120990006,112.09900060000001,,,
26/04/2020,Mizoram,146.0,1.0,,,,,,,,,https://health.mizoram.gov.in/post/covid-19-bulletin-date-2642020,,0.68%,0.1194631685,119.46316850000001,,,
27/04/2020,Mizoram,146.0,1.0,,,,,,,,,https://health.mizoram.gov.in/post/covid-19-bulletin-date-2742020,,,0.1194631685,119.46316850000001,,,
28/04/2020,Mizoram,158.0,1.0,,,,,,,,,https://health.mizoram.gov.in/post/covid-19-bulletin-date-2842020,,,0.1292820591,129.2820591,,,
29/04/2020,Mizoram,,,,,,,,,,,,,,0.0,0.0,,,
06/04/2020,Nagaland,60.0,0.0,47.0,13.0,,,489.0,,70.0,,http://morungexpress.com/nagaland-covid-19-update-2,,0.00%,0.027043667410000003,27.04366741,2218634.0,,
10/04/2020,Nagaland,70.0,0.0,69.0,1.0,20.0,,,,,,http://morungexpress.com/nagaland-covid-19-update-4,,0.00%,0.03155094531,31.55094531,,,
11/04/2020,Nagaland,70.0,0.0,70.0,,22.0,,,,,,http://morungexpress.com/nagaland-covid-19-update-5,,0.00%,0.03155094531,31.55094531,,,
12/04/2020,Nagaland,74.0,0.0,70.0,4.0,,,,,,,http://morungexpress.com/nagaland-covid-19-update-6,,0.00%,0.03335385647,33.35385647,,,
13/04/2020,Nagaland,,,,,,,,,,,,,,0.0,0.0,,,
14/04/2020,Nagaland,174.0,0.0,97.0,77.0,,,,,,,https://nagahealth.nagaland.gov.in/,,0.00%,0.07842663549,78.42663549,,,
15/04/2020,Nagaland,184.0,0.0,174.0,10.0,,,,,,,https://nagahealth.nagaland.gov.in/,,0.00%,0.08293391339,82.93391339,,,
16/04/2020,Nagaland,,,,,,,,,,,,,,0.0,0.0,,,
17/04/2020,Nagaland,274.0,0.0,222.0,48.0,,,,,,,https://nagahealth.nagaland.gov.in/,,0.00%,0.12349941449999999,123.4994145,,,
18/04/2020,Nagaland,392.0,0.0,292.0,100.0,,,,,,,https://nagahealth.nagaland.gov.in/,,0.00%,0.17668529370000002,176.6852937,,,
19/04/2020,Nagaland,404.0,0.0,345.0,59.0,,,,,,,https://nagahealth.nagaland.gov.in/,,0.00%,0.18209402719999998,182.0940272,,,
20/04/2020,Nagaland,434.0,0.0,404.0,30.0,,,,,,,https://nagahealth.nagaland.gov.in/,,0.00%,0.1956158609,195.61586090000003,,,
21/04/2020,Nagaland,537.0,0.0,456.0,81.0,,,,,,,https://nagahealth.nagaland.gov.in/,,0.00%,0.24204082329999999,242.0408233,,,
22/04/2020,Nagaland,543.0,0.0,481.0,62.0,,,,,,,https://nagahealth.nagaland.gov.in/,,0.00%,0.2447451901,244.7451901,,,
23/04/2020,Nagaland,607.0,0.0,543.0,64.0,,,,,,,https://nagahealth.nagaland.gov.in/,,0.00%,0.2735917686,273.5917686,,,
24/04/2020,Nagaland,,,,,,,,,,,,,,0.0,0.0,,,
25/04/2020,Nagaland,613.0,0.0,607.0,6.0,,,,,,,https://nagahealth.nagaland.gov.in/,,0.00%,0.2762961354,276.29613539999997,,,
26/04/2020,Nagaland,613.0,0.0,613.0,0.0,,,,,,,https://nagahealth.nagaland.gov.in/,,0.00%,0.2762961354,276.29613539999997,,,
27/04/2020,Nagaland,629.0,0.0,613.0,16.0,,,,,,,https://nagahealth.nagaland.gov.in/,,0.00%,0.28350778,283.50777999999997,,,
28/04/2020,Nagaland,639.0,0.0,620.0,19.0,,,,,,,https://nagahealth.nagaland.gov.in/,,0.00%,0.2880150579,288.0150579,,,
29/04/2020,Nagaland,644.0,0.0,631.0,13.0,37.0,,381.0,64.0,32.0,,https://covid19.nagaland.gov.in/,,0.00%,0.2902686969,290.26869689999995,,,
30/04/2020,Nagaland,,,,,,,,,,,,,,,,,,
01/05/2020,Nagaland,,,,,,,,,,,,,,,,,,
03/04/2020,Odisha,1395.0,20.0,1108.0,267.0,,,,,,,https://twitter.com/HFWOdisha/status/1246135145230303232,,1.43%,0.030417979010000002,30.41797901,45861035.0,,
07/04/2020,Odisha,2190.0,40.0,,,,,,,,,https://twitter.com/HFWOdisha/status/1247579939206909953,,1.83%,0.047752956299999996,47.752956299999994,,,
07/04/2020,Odisha,2441.0,42.0,,,,,,,,,https://twitter.com/HFWOdisha/status/1247579939206909953,,1.72%,0.05322601202,53.22601202,,,
08/04/2020,Odisha,2441.0,42.0,2399.0,,,,,,,,https://health.odisha.gov.in/,,1.72%,0.05322601202,53.22601202,,,
09/04/2020,Odisha,3249.0,48.0,3201.0,,,,,,,,https://health.odisha.gov.in/,,1.48%,0.07084445433999999,70.84445434,,,
10/04/2020,Odisha,3547.0,50.0,3497.0,,,,,,,,https://health.odisha.gov.in/,,1.41%,0.0773423452,77.34234520000001,,,
11/04/2020,Odisha,3551.0,51.0,3497.0,,,,,,,,https://health.odisha.gov.in/,,1.44%,0.07742956521000001,77.42956521,,,
12/04/2020,Odisha,3862.0,54.0,3808.0,,,,,,,,https://health.odisha.gov.in/,,1.40%,0.08421092109999999,84.2109211,,,
13/04/2020,Odisha,4170.0,54.0,4116.0,,,,,,,,https://health.odisha.gov.in/,,1.29%,0.09092686199,90.92686199,,,
14/04/2020,Odisha,4734.0,56.0,4678.0,,,,,,,,https://health.odisha.gov.in/,,1.18%,0.1032248836,103.22488359999998,,,
15/04/2020,Odisha,5537.0,60.0,5477.0,,,,,,,,https://health.odisha.gov.in/,,1.08%,0.1207343009,120.73430090000001,,,
16/04/2020,Odisha,6734.0,60.0,6674.0,,,,,,,,https://health.odisha.gov.in/pdf/covid-19-Analysis-Report-16042020.pdf,https://health.odisha.gov.in/,0.89%,0.1468348894,146.8348894,,,
17/04/2020,Odisha,7577.0,60.0,7517.0,,,,,,,,https://health.odisha.gov.in/pdf/covid-19-Analysis-Report-17042020.pdf,https://health.odisha.gov.in/,0.79%,0.1652165068,165.21650680000002,,,
18/04/2020,Odisha,8619.0,60.0,8559.0,,,,,,,,https://health.odisha.gov.in/pdf/covid-19-Analysis-Report-17042020.pdf,,0.70%,0.1879373198,187.9373198,,,
19/04/2020,Odisha,9690.0,61.0,9629.0,,,,,,,,https://health.odisha.gov.in/pdf/covid-19-Analysis-Report-19042020.pdf,https://health.odisha.gov.in/,0.63%,0.2112904779,211.2904779,,,
20/04/2020,Odisha,10641.0,68.0,,,,,,,,,https://health.odisha.gov.in/,https://health.odisha.gov.in/pdf/covid-19-Analysis-Report-20042020.pdf,0.64%,0.2320270356,232.0270356,,,
21/04/2020,Odisha,11748.0,79.0,,,,,,,,,https://health.odisha.gov.in/,,0.67%,0.2561651738,256.1651738,,,
22/04/2020,Odisha,13775.0,83.0,,,,,,,,,https://health.odisha.gov.in/,,0.60%,0.3003639146,300.36391460000004,,,
23/04/2020,Odisha,15984.0,83.0,,,,,,,,,https://health.odisha.gov.in/,,0.52%,0.34853116590000005,348.5311659,,,
24/04/2020,Odisha,18458.0,90.0,,,,,,,,,https://health.odisha.gov.in/,,0.49%,0.40247674310000003,402.4767431,,,
25/04/2020,Odisha,20599.0,94.0,,,,,,,,,https://health.odisha.gov.in/,,0.46%,0.4491612542,449.1612541999999,,,
26/04/2020,Odisha,22816.0,103.0,,,,,,,,,https://health.odisha.gov.in/,https://twitter.com/HFWOdisha/status/1254251273689464832?s=09,0.45%,0.4975029456,497.50294560000003,,,
27/04/2020,Odisha,25103.0,108.0,,,,,,,,,https://health.odisha.gov.in/,,0.43%,0.5473709872,547.3709872000001,,,
28/04/2020,Odisha,26687.0,118.0,,,,,,,,,https://health.odisha.gov.in/,,0.44%,0.5819101117000001,581.9101117,,,
29/04/2020,Odisha,29108.0,119.0,,,,,,,,,https://health.odisha.gov.in/pdf/COVID-Analysis-Report-ODISHA-29-Apr-2020.pdf,,0.41%,0.6347000237,634.7000237000001,,,
30/04/2020,Odisha,,,,,,,,,,,,,,0.0,0.0,,,
18/04/2020,Puducherry,1207.0,7.0,1159.0,41.0,,,,,,,https://covid19dashboard.py.gov.in/,,0.58%,0.8658375095,865.8375095000001,1394026.0,,
19/04/2020,Puducherry,1245.0,7.0,1214.0,24.0,,,,,,,https://covid19dashboard.py.gov.in/,,0.56%,0.8930966854000001,893.0966854000001,,,
20/04/2020,Puducherry,1272.0,7.0,1232.0,33.0,,,,,,,https://covid19dashboard.py.gov.in/,,0.55%,0.9124650473,912.4650472999999,,,
21/04/2020,Puducherry,1319.0,7.0,1272.0,40.0,,,,,,,https://covid19dashboard.py.gov.in/Home/TestResultsReport,,0.53%,0.9461803437999999,946.1803438,,,
22/04/2020,Puducherry,1473.0,7.0,1354.0,112.0,,,,,,,https://covid19dashboard.py.gov.in/Home/TestResultsReport,,0.48%,1.056651741,1056.651741,,,
23/04/2020,Puducherry,1548.0,7.0,1513.0,28.0,,,,,,,https://covid19dashboard.py.gov.in/Home/TestResultsReport,,0.45%,1.110452746,1110.4527460000002,,,
24/04/2020,Puducherry,1704.0,7.0,1657.0,40.0,,,,,,,https://covid19dashboard.py.gov.in/Home/TestResultsReport,,0.41%,1.222358837,1222.358837,,,
25/04/2020,Puducherry,1864.0,8.0,1793.0,63.0,,,,,,,https://covid19dashboard.py.gov.in/Home/TestResultsReport,,0.43%,1.337134315,1337.134315,,,
26/04/2020,Puducherry,1977.0,8.0,1902.0,67.0,,,,,,,https://covid19dashboard.py.gov.in/Home/TestResultsReport,,0.40%,1.418194496,1418.194496,,,
27/04/2020,Puducherry,2014.0,8.0,1942.0,64.0,,,,,,,https://covid19dashboard.py.gov.in/,,0.40%,1.444736325,1444.736325,,,
28/04/2020,Puducherry,2156.0,8.0,2099.0,49.0,,,,,,,https://covid19dashboard.py.gov.in/,,0.37%,1.5465995609999998,1546.599561,,,
29/04/2020,Puducherry,2228.0,8.0,2150.0,70.0,,,,,,,https://covid19dashboard.py.gov.in/,,0.36%,1.598248526,1598.248526,,,
30/04/2020,Puducherry,,,,,,,,,,,,,,,,,,
01/05/2020,Puducherry,,,,,,,,,,,,,,,,,,
02/04/2020,Punjab,1434.0,37.0,1236.0,161.0,,,,,,,https://twitter.com/kbssidhu1961/status/1245680244658339841/photo/1,,2.58%,0.04799922718999999,47.99922719,29875481.0,,
08/04/2020,Punjab,2937.0,106.0,2614.0,217.0,,,,,,,https://twitter.com/kbssidhu1961/status/1247878360966901763/photo/1,,3.61%,0.09830804063,98.30804063,,,
09/04/2020,Punjab,3192.0,130.0,2777.0,285.0,,,,,,,http://pbhealth.gov.in/Media%20bulletin%20-%2009-04-2020.pdf,,4.07%,0.1068434681,106.84346809999998,,,
10/04/2020,Punjab,3461.0,151.0,2972.0,338.0,,,,,,,http://pbhealth.gov.in/Media%20bulletin%20-%2010-04-2020.pdf,,4.36%,0.1158475072,115.8475072,,,
11/04/2020,Punjab,3909.0,158.0,3249.0,502.0,,,,,,,http://pbhealth.gov.in/Media%20bulletin%20-%2011-04-2020.pdf,,4.04%,0.1308430817,130.8430817,,,
12/04/2020,Punjab,4281.0,170.0,3590.0,521.0,,,,,,,http://pbhealth.gov.in/Media%20bulletin%20-%2012-04-2020.pdf,,3.97%,0.143294764,143.294764,,,
13/04/2020,Punjab,4480.0,176.0,3858.0,446.0,,,,,,,http://pbhealth.gov.in/Media%20bulletin%20-%2013-04-2020.pdf,http://pbhealth.gov.in/,3.93%,0.1499557446,149.9557446,,,
14/04/2020,Punjab,4844.0,184.0,4047.0,613.0,,,,,,,http://pbhealth.gov.in/Media%20Bulletin-%2014.4.2020.pdf,http://pbhealth.gov.in/media-bulletin.htm,3.80%,0.16213964890000002,162.1396489,,,
15/04/2020,Punjab,5193.0,186.0,4404.0,603.0,,,,,,,http://pbhealth.gov.in/Media%20Bulletin%2015.4.2020.pdf,,3.58%,0.17382146920000002,173.82146919999997,,,
16/04/2020,Punjab,5524.0,197.0,4727.0,600.0,,,,,,,http://pbhealth.gov.in/Media%20Bulletin%20COVID-19%2016-04-2020.pdf,,3.57%,0.1849007887,184.9007887,,,
17/04/2020,Punjab,5988.0,211.0,5113.0,664.0,,,,,,,https://t.me/indiacovid/2492?single,,3.52%,0.20043191940000002,200.43191940000003,,,
18/04/2020,Punjab,6167.0,234.0,5354.0,579.0,,,,,,,https://twitter.com/kbssidhu1961/status/1251530620154585088,,3.79%,0.20642345469999998,206.42345469999998,,,
19/04/2020,Punjab,6607.0,244.0,5949.0,414.0,,,,,,,https://twitter.com/kbssidhu1961/status/1251883032836927488?s=19,,3.69%,0.2211512511,221.1512511,,,
20/04/2020,Punjab,6797.0,245.0,6273.0,279.0,,,,,,,http://pbhealth.gov.in/Media%20Bulletin%20COVID-Dated%2020-04-2020.pdf,,3.60%,0.2275109813,227.5109813,,,
21/04/2020,Punjab,7355.0,251.0,6769.0,335.0,,,,,,,http://pbhealth.gov.in/Media%20Bulletin%20COVID-19%20Dated%2021-04-2020.pdf,,3.41%,0.2461885049,246.1885049,,,
22/04/2020,Punjab,7887.0,257.0,7100.0,530.0,,,,,,,http://pbhealth.gov.in/Media%20Bulletin%20COVID-19%2022-04-2020.pdf,,3.26%,0.2639957496,263.99574959999995,,,
23/04/2020,Punjab,8757.0,283.0,7433.0,1041.0,,,,,,,https://twitter.com/kbssidhu1961/status/1253299062620581893?s=19,,3.23%,0.2931166196,293.11661960000004,,,
24/04/2020,Punjab,10611.0,298.0,8310.0,2003.0,,,,,,,https://twitter.com/kbssidhu1961/status/1253658553895784448?s=19,,2.81%,0.3551741979,355.17419789999997,,,
25/04/2020,Punjab,13270.0,308.0,9392.0,3569.0,,,,,,,https://t.me/indiacovid/3185,,2.32%,0.444176949,444.17694900000004,,,
26/04/2020,Punjab,14317.0,322.0,10497.0,3498.0,,,,,,,https://twitter.com/kbssidhu1961/status/1254446294518513666?s=19,,2.25%,0.47922240979999997,479.22240980000004,,,
27/04/2020,Punjab,15516.0,330.0,12333.0,2853.0,,,,,,,https://twitter.com/kbssidhu1961/status/1254807639122276353/photo/1,,2.13%,0.5193556549,519.3556549,,,
28/04/2020,Punjab,17021.0,342.0,13966.0,2713.0,,,,,,,https://twitter.com/kbssidhu1961/status/1255161106386968576/photo/1,,2.01%,0.5697314129,569.7314129,,,
29/04/2020,Punjab,18670.0,375.0,15690.0,2605.0,,,,,,,https://twitter.com/kbssidhu1961/status/1255505971918647304,,2.01%,0.6249271769,624.9271769,,,
30/04/2020,Punjab,,,,,,,,,,,,,,,,,,
01/05/2020,Punjab,,,,,,,,,,,,,,,,,,
05/04/2020,Rajasthan,12279.0,260.0,11439.0,580.0,,,,,,,http://www.rajswasthya.nic.in/,,2.12%,0.1542893126,154.2893126,79584255.0,,
07/04/2020,Rajasthan,17638.0,363.0,16401.0,874.0,,,,,,,,,2.06%,0.22162675269999998,221.62675269999997,,,
08/04/2020,Rajasthan,17638.0,363.0,16401.0,874.0,,,,,,,http://www.rajswasthya.nic.in/,,2.06%,0.22162675269999998,221.62675269999997,,,
09/04/2020,Rajasthan,19107.0,463.0,17851.0,793.0,,,,,,,http://www.rajswasthya.nic.in/,https://twitter.com/TabeenahAnjum/status/1248310723882536960?s=09,2.42%,0.24008517769999999,240.08517769999997,,,
10/04/2020,Rajasthan,22349.0,561.0,20698.0,1090.0,,,,,,,https://t.me/c/1428198946/1843,,2.51%,0.2808218786,280.82187860000005,,,
11/04/2020,Rajasthan,24857.0,678.0,22583.0,1586.0,,,,,,,http://www.rajswasthya.nic.in/,,2.73%,0.3123356498,312.3356498,,,
12/04/2020,Rajasthan,28505.0,796.0,25105.0,2559.0,,,,,,,https://t.me/indiacovid/2093,,2.79%,0.35817386240000004,358.17386239999996,,,
13/04/2020,Rajasthan,31804.0,847.0,28657.0,2300.0,,,,,,,https://t.me/indiacovid/2160,,2.66%,0.39962678549999997,399.6267855,,,
14/04/2020,Rajasthan,34928.0,1005.0,29376.0,4583.0,,,,,,,https://t.me/indiacovid/2309,,2.88%,0.4388807811,438.8807811000001,,,
15/04/2020,Rajasthan,37860.0,1076.0,31902.0,4882.0,,,,,,,https://t.me/indiacovid/2376,,2.84%,0.4757222393,475.7222393,,,
16/04/2020,Rajasthan,40778.0,1101.0,33739.0,5938.0,,,,,,,https://t.me/indiacovid/2402,,2.70%,0.5123877832,512.3877832,,,
17/04/2020,Rajasthan,42847.0,1229.0,36153.0,5465.0,,,,,,,https://t.me/indiacovid/2516,,2.87%,0.5383853879,538.3853879,,,
18/04/2020,Rajasthan,47197.0,1282.0,39092.0,6823.0,,,,,,,https://t.me/indiacovid/2547,,2.72%,0.5930444408,593.0444408,,,
19/04/2020,Rajasthan,51614.0,1478.0,43537.0,6599.0,,,,,,,https://t.me/indiacovid/2691,,2.86%,0.6485453687,648.5453687,,,
20/04/2020,Rajasthan,57290.0,1576.0,47657.0,8057.0,,,,,,,https://t.me/indiacovid/2801,,2.75%,0.7198660087000001,719.8660087000001,,,
21/04/2020,Rajasthan,61492.0,1735.0,54100.0,5657.0,,,,,,,https://t.me/indiacovid/2888,,2.82%,0.7726653971999999,772.6653972,,,
22/04/2020,Rajasthan,66257.0,1888.0,58552.0,5817.0,,,,,,,https://t.me/indiacovid/2974,,2.85%,0.8325390493000001,832.5390493,,,
23/04/2020,Rajasthan,69764.0,1964.0,63485.0,4315.0,,,,,,,https://t.me/indiacovid/3041,,2.82%,0.8766055547,876.6055547,,,
24/04/2020,Rajasthan,74484.0,2034.0,68133.0,4317.0,,,,,,,https://t.me/indiacovid/3122,,2.73%,0.9359137684000001,935.9137684,,,
25/04/2020,Rajasthan,78993.0,2083.0,71806.0,5104.0,,,,,,,https://t.me/indiacovid/3210,,2.64%,0.9925707037999999,992.5707037999999,,,
26/04/2020,Rajasthan,82942.0,2185.0,75670.0,5087.0,,,,,,,https://t.me/indiacovid/3292,,2.63%,1.042191072,1042.191072,,,
27/04/2020,Rajasthan,87777.0,2262.0,80830.0,4685.0,,,,,,,https://t.me/indiacovid/3388,,2.58%,1.102944295,1102.944295,,,
28/04/2020,Rajasthan,92506.0,2364.0,85834.0,4308.0,,,,,,,https://t.me/indiacovid/3478,,2.56%,1.162365596,1162.365596,,,
29/04/2020,Rajasthan,97790.0,2438.0,90108.0,5244.0,,,,,,,https://t.me/indiacovid/3560,,2.49%,1.228760639,1228.760639,,,
30/04/2020,Rajasthan,,,,,,,,,,,,,,,,,,
01/05/2020,Rajasthan,,,,,,,,,,,,,,,,,,
03/04/2020,Tamil Nadu,3684.0,411.0,2789.0,484.0,284.0,,13323.0,,3044.0,,https://stopcorona.tn.gov.in/wp-content/uploads/2020/03/Media-Bulletin-03-04-20-COVID-19-6-PM.pdf,,11.16%,0.04773409466,47.73409466,77177540.0,,
08/04/2020,Tamil Nadu,5305.0,690.0,4414.0,201.0,1864.0,,22049.0,,3371.0,,https://stopcorona.tn.gov.in/,,13.01%,0.0687376146,68.7376146,,,
09/04/2020,Tamil Nadu,7267.0,834.0,5824.0,485.0,2042.0,,29074.0,,3371.0,,https://stopcorona.tn.gov.in/wp-content/uploads/2020/03/Media-Bulletin09.04.20-5-Pages-English-173-KB.pdf,,11.48%,0.09415951843,94.15951843,,,
10/04/2020,Tamil Nadu,8410.0,911.0,6838.0,661.0,1987.0,,29074.0,,3371.0,,https://stopcorona.tn.gov.in/wp-content/uploads/2020/03/Media-Bulletin-10-04-20-COVID-19-6-PM.pdf,https://stopcorona.tn.gov.in/wp-content/uploads/2020/03/Media-Bulletin09.04.20-5-Pages-English-173-KB.pdf,10.83%,0.1089695266,108.96952659999998,,,
11/04/2020,Tamil Nadu,9842.0,969.0,7779.0,1094.0,1884.0,,29074.0,,3371.0,,https://stopcorona.tn.gov.in/wp-content/uploads/2020/03/Media-Bulletin-11.04.2020.pdf,https://stopcorona.tn.gov.in/,9.85%,0.1275241476,127.5241476,,,
12/04/2020,Tamil Nadu,10655.0,1075.0,,,,,29074.0,,3371.0,,https://stopcorona.tn.gov.in/wp-content/uploads/2020/03/Media-Bulletin-12.04.2020-5-pages-English-178-KB.pdf,https://stopcorona.tn.gov.in/daily-bulletin/,10.09%,0.1380583004,138.0583004,,,
13/04/2020,Tamil Nadu,12746.0,1173.0,,,,,29074.0,,3371.0,,https://stopcorona.tn.gov.in/wp-content/uploads/2020/03/Media-Bulletin-13.04.2020-5pages-English-181-KB.pdf,,9.20%,0.165151675,165.151675,,,
14/04/2020,Tamil Nadu,19255.0,1204.0,13234.0,777.0,1870.0,,29074.0,,3371.0,,https://stopcorona.tn.gov.in/,https://stopcorona.tn.gov.in/wp-content/uploads/2020/03/Media-Bulletin-14.04.2020-4-Pages-English-175-KB.pdf,6.25%,0.2494896831,249.48968309999998,,,
15/04/2020,Tamil Nadu,21994.0,1242.0,15210.0,1383.0,,,29074.0,,3371.0,,https://stopcorona.tn.gov.in/wp-content/uploads/2020/03/Media-Bulletin-15.04.2020.pdf,,5.65%,0.2849792828,284.9792828,,,
16/04/2020,Tamil Nadu,26005.0,1267.0,18743.0,1400.0,,,29074.0,,3371.0,,https://stopcorona.tn.gov.in/wp-content/uploads/2020/03/Media-Bulletin16.04.2020-4-Pages-English-174-KB.pdf,,4.87%,0.33695036149999996,336.95036150000004,,,
17/04/2020,Tamil Nadu,29673.0,1323.0,21628.0,2023.0,,,29074.0,,3371.0,,https://stopcorona.tn.gov.in/wp-content/uploads/2020/03/Media-Bulletin-17.04.2020.pdf,,4.46%,0.3844771419,384.4771419,,,
18/04/2020,Tamil Nadu,35036.0,1372.0,27192.0,1433.0,,,29074.0,,3371.0,,https://stopcorona.tn.gov.in/wp-content/uploads/2020/03/Media-Bulletin-18.04.2020.pdf,,3.92%,0.4539662705,453.9662705,,,
19/04/2020,Tamil Nadu,40876.0,1477.0,31853.0,2411.0,,,29074.0,,3371.0,,https://stopcorona.tn.gov.in/wp-content/uploads/2020/03/Media-Bulletin-19-04-20-COVID-19-6-PM-1.pdf,,3.61%,0.5296359536999999,529.6359537,,,
20/04/2020,Tamil Nadu,46985.0,1520.0,38082.0,2108.0,,,29074.0,,3371.0,,https://stopcorona.tn.gov.in/wp-content/uploads/2020/03/Media-Bulletin20.04.2020.pdf,,3.24%,0.6087911068,608.7911068,,,
21/04/2020,Tamil Nadu,53045.0,1596.0,43582.0,1990.0,,,,,,,https://stopcorona.tn.gov.in/wp-content/uploads/2020/03/Media-Bulletin-21.04.2020.pdf,,3.01%,0.6873113603000001,687.3113602999999,,,
22/04/2020,Tamil Nadu,59023.0,1629.0,49506.0,1937.0,,,29074.0,,3371.0,,https://stopcorona.tn.gov.in/wp-content/uploads/2020/03/Media-Bulletin-22.04.2020.pdf,,2.76%,0.7647691284,764.7691284,,,
23/04/2020,Tamil Nadu,65977.0,1683.0,56836.0,1433.0,,,29074.0,,3371.0,,https://stopcorona.tn.gov.in/wp-content/uploads/2020/03/Media-Bulletin-23.04.2020.pdf,,2.55%,0.8548730628,854.8730627999998,,,
24/04/2020,Tamil Nadu,72403.0,1755.0,62596.0,1483.0,,,29074.0,,3371.0,,https://stopcorona.tn.gov.in/wp-content/uploads/2020/03/Media-Bulletin-24.04.2020.pdf,,2.42%,0.9381356286,938.1356286,,,
25/04/2020,Tamil Nadu,80110.0,1821.0,69390.0,1754.0,,,,,,,https://stopcorona.tn.gov.in/wp-content/uploads/2020/03/Media-Bulletin-25.04.2020.pdf,,2.27%,1.037996288,1037.996288,,,
26/04/2020,Tamil Nadu,87605.0,1885.0,77133.0,568.0,,,,,,,https://stopcorona.tn.gov.in/wp-content/uploads/2020/03/Media-Bulletin-26.04.2020.pdf,,2.15%,1.135110033,1135.110033,,,
27/04/2020,Tamil Nadu,94781.0,1937.0,83021.0,1381.0,,,,,,,https://stopcorona.tn.gov.in/wp-content/uploads/2020/03/Media-Bulletin-27-04-20-COVID-19-6-PM.pdf,,,1.228090452,1228.090452,,,
28/04/2020,Tamil Nadu,101874.0,2058.0,97908.0,1908.0,,,,,,,https://stopcorona.tn.gov.in/wp-content/uploads/2020/03/Media-Bulletin-28.04.2020.pdf,,,1.319995429,1319.9954289999998,,,
29/04/2020,Tamil Nadu,109961.0,2162.0,105864.0,1935.0,,,,,,,https://stopcorona.tn.gov.in/wp-content/uploads/2020/03/Media-Bulletin-29.04.2020.pdf,,,,,,,
30/04/2020,Tamil Nadu,,,,,,,,,,,,,,,,,,
19/04/2020,Telangana,14962.0,858.0,14104.0,768.0,,,,,,,https://t.me/indiacovid/2688?single,,5.73%,0.3844389435,384.4389435,38919054.0,,
28/04/2020,Telangana,19063.0,1009.0,,,,,,,,,https://www.thehindu.com/news/national/telangana/accuracy-of-tests-more-in-telangana-eatala/article31456895.ece,,5.29%,0.4898114944,489.8114944,,,
29/04/2020,Telangana,19278.0,1016.0,,,,,,,,,http://124.124.103.93/COVID/home.htm,https://covid19.telangana.gov.in/,,,,,,
11/04/2020,Tripura,337.0,2.0,335.0,,,,,,,,https://m.facebook.com/story.php?story_fbid=2415546905213637&id=632536300181382,,0.59%,0.08195080860000001,81.95080859999999,4112223.0,,
15/04/2020,Tripura,738.0,2.0,,,,,,,,,https://www.facebook.com/bjpbiplab/posts/2424173307684330,,0.27%,0.1794649755,179.46497549999998,,,
16/04/2020,Tripura,762.0,2.0,760.0,,,,,,,,https://t.me/indiacovid/2466,,0.26%,0.18530123489999997,185.30123490000003,,,
21/04/2020,Tripura,2604.0,2.0,2602.0,,,,,,,,https://t.me/indiacovid/2898?single,,0.08%,0.6332341412,633.2341412000001,,,
22/04/2020,Tripura,3215.0,2.0,3123.0,,,,,,,,https://t.me/indiacovid/2983?single,,0.06%,0.7818155776000001,781.8155776000001,,,
05/04/2020,Uttar Pradesh,5255.0,278.0,4796.0,181.0,,,,,,,WA circular :/,,5.29%,0.02251706808,22.51706808,233378519.0,,
05/04/2020,Uttar Pradesh,5255.0,278.0,4796.0,179.0,3927.0,,,,,,,,5.29%,0.02251706808,22.51706808,,,
09/04/2020,Uttar Pradesh,8402.0,410.0,7898.0,94.0,8671.0,,,,,,https://t.me/c/1428198946/1789,,4.88%,0.03600159962,36.00159962,,,
10/04/2020,Uttar Pradesh,9332.0,433.0,8798.0,101.0,8771.0,,,,,,https://t.me/c/1428198946/1831,,4.64%,0.03998654221,39.98654221,,,
11/04/2020,Uttar Pradesh,10595.0,452.0,10012.0,131.0,8084.0,,,,,,https://t.me/c/1428198946/1882,,4.27%,0.04539835134,45.39835134,,,
12/04/2020,Uttar Pradesh,11855.0,483.0,11250.0,122.0,,,,,,,https://t.me/indiacovid/2132,,4.07%,0.050797305810000005,50.79730581,,,
13/04/2020,Uttar Pradesh,13287.0,558.0,12542.0,177.0,,,,,,,https://t.me/indiacovid/2199,,4.20%,0.05693326042999999,56.93326043,,,
14/04/2020,Uttar Pradesh,15914.0,660.0,15134.0,120.0,,,,,,,https://t.me/indiacovid/2294?single,,4.15%,0.06818965202,68.18965202,,,
15/04/2020,Uttar Pradesh,19506.0,727.0,18595.0,184.0,,,,,,,https://t.me/indiacovid/2356,,3.73%,0.08358095717,83.58095717,,,
16/04/2020,Uttar Pradesh,21384.0,805.0,20374.0,205.0,,,,,,,https://t.me/indiacovid/2448,,3.76%,0.09162797027000001,91.62797027,,,
17/04/2020,Uttar Pradesh,24643.0,849.0,23648.0,146.0,,,,,,,https://t.me/indiacovid/2504?single,,3.45%,0.1055924089,105.59240890000001,,,
18/04/2020,Uttar Pradesh,28484.0,974.0,27262.0,248.0,,,,,,,https://t.me/indiacovid/2588,,3.42%,0.1220506503,122.0506503,,,
19/04/2020,Uttar Pradesh,31767.0,1100.0,,,,,,,,,https://t.me/c/1248471072/11950,,3.46%,0.13611792609999998,136.1179261,,,
20/04/2020,Uttar Pradesh,34326.0,1184.0,32874.0,268.0,,,,,,,https://twitter.com/ANINewsUP/status/1252244640079556609?s=09,,3.45%,0.1470829455,147.0829455,,,
21/04/2020,Uttar Pradesh,37933.0,1337.0,36378.0,218.0,,,,,,,https://twitter.com/ANINewsUP/status/1252619570222731265?s=19,,3.52%,0.16253852400000002,162.538524,,,
22/04/2020,Uttar Pradesh,42192.0,1449.0,40263.0,480.0,,,,,,,https://twitter.com/ANINewsUP/status/1252986461911052289/photo/1,,3.43%,0.1807878471,180.7878471,,,
23/04/2020,Uttar Pradesh,45483.0,1510.0,43495.0,478.0,,,,,,,https://t.me/indiacovid/3039?single,,3.32%,0.194889402,194.889402,,,
24/04/2020,Uttar Pradesh,53166.0,1621.0,51161.0,384.0,,,,,,,https://t.me/indiacovid/3111?single,,3.05%,0.2278101696,227.8101696,,,
25/04/2020,Uttar Pradesh,56851.0,1793.0,54216.0,842.0,,,,,,,https://t.me/indiacovid/3193?single,,3.15%,0.24359996899999997,243.599969,,,
26/04/2020,Uttar Pradesh,61799.0,1873.0,58492.0,984.0,,,,,,,https://twitter.com/qazifarazahmad/status/1254434010375131138?s=19,,3.03%,0.2648015776,264.80157760000003,,,
27/04/2020,Uttar Pradesh,67145.0,1896.0,64139.0,1020.0,,,,,,,https://t.me/indiacovid/3405,,2.82%,0.2877085701,287.70857010000003,,,
28/04/2020,Uttar Pradesh,70307.0,2053.0,67266.0,988.0,,,,,,,https://t.me/indiacovid/3474,,,,,,,
29/04/2020,Uttar Pradesh,73716.0,2134.0,70436.0,1146.0,,,,,,,https://t.me/indiacovid/3542,,,,,,,
30/04/2020,Uttar Pradesh,,,,,,,,,,,,,,,,,,
01/05/2020,Uttar Pradesh,,,,,,,,,,,,,,,,,,
02/04/2020,Uttarakhand,678.0,7.0,554.0,117.0,,,,,,,https://www.facebook.com/UKMedicalHealth/photos/a.1666257713623931/2556543367928690/?type=3&theater,,1.03%,0.06085866732000001,60.85866732,11140566.0,,
07/04/2020,Uttarakhand,1289.0,32.0,1092.0,165.0,176.0,,,,,,,,2.48%,0.1157032776,115.70327759999998,,,
09/04/2020,Uttarakhand,1531.0,35.0,1235.0,261.0,1637.0,,,,,,http://health.uk.gov.in/files/Health_Bulletin__Uttarakhand_Novel_Corona_Virus_9_April_2020_8.00PM.pdf,,2.29%,0.1374256927,137.42569269999998,,,
10/04/2020,Uttarakhand,1688.0,35.0,1320.0,333.0,3770.0,,,,,478.0,http://health.uk.gov.in/files/Health_Bulletin__Uttarakhand_Novel_Corona_Virus_10_April_2020__5_PM.pdf,http://health.uk.gov.in/pages/display/140-novel-corona-virus-guidelines-and-advisory-,2.07%,0.151518334,151.518334,,,
11/04/2020,Uttarakhand,1705.0,35.0,1340.0,330.0,2693.0,,,,,480.0,http://health.uk.gov.in/files/11.04.2020_Daily_Bulletin.pdf,http://health.uk.gov.in/pages/display/140-novel-corona-virus-guidelines-and-advisory-,2.05%,0.1530442888,153.0442888,,,
12/04/2020,Uttarakhand,1820.0,35.0,1452.0,333.0,,,,,,448.0,https://m.facebook.com/UKMedicalHealth/photos/pcb.2564454990470861/2564454917137535/?type=3&source=49,,1.92%,0.1633669241,163.3669241,,,
13/04/2020,Uttarakhand,1998.0,35.0,1665.0,298.0,1814.0,,,,,,https://www.facebook.com/UKMedicalHealth/photos/a.1933022463614120/2565229507060076/?type=3&theater,,1.75%,0.17934456829999998,179.34456830000002,,,
14/04/2020,Uttarakhand,2174.0,35.0,1838.0,305.0,,,,,,,https://www.facebook.com/UKMedicalHealth/photos/rpp.1665195163730186/2566043650311995/?type=3&theater,,1.61%,0.1951426884,195.1426884,,,
15/04/2020,Uttarakhand,2413.0,37.0,2022.0,354.0,,,,,,,http://health.uk.gov.in/files/Corrected-15-04-2020-Health-Bulletin.pdf,,1.53%,0.2165958175,216.59581749999998,,,
16/04/2020,Uttarakhand,2593.0,37.0,2210.0,346.0,,,,,,353.0,https://m.facebook.com/UKMedicalHealth/photos/a.1933022463614120/2567811600135200/?type=3&source=48&__tn__=EH-R,,1.43%,0.23275298579999998,232.7529858,,,
17/04/2020,Uttarakhand,2831.0,40.0,2420.0,371.0,,,,,,420.0,https://m.facebook.com/story.php?story_fbid=2568731796709847&id=1665195163730186&__tn__=%2As%2As-R,,1.41%,0.2541163528,254.1163528,,,
18/04/2020,Uttarakhand,3158.0,42.0,2710.0,406.0,604.0,,,,,446.0,https://m.facebook.com/UKMedicalHealth/photos/a.1933022463614120/2569600566622970/?type=3,,1.33%,0.28346854190000004,283.4685419,,,
19/04/2020,Uttarakhand,3344.0,44.0,3046.0,255.0,,,,,,,https://m.facebook.com/UKMedicalHealth/photos/a.1933022463614120/2570573469859013/?type=3&source=48,,1.32%,0.3001642825,300.1642825,,,
20/04/2020,Uttarakhand,3677.0,46.0,3228.0,469.0,,,,,,,http://health.uk.gov.in/files/2020.04.20_Health_Bulletin.pdf,,1.25%,0.3300550439,330.0550439,,,
21/04/2020,Uttarakhand,4061.0,46.0,3445.0,570.0,,,,,,,http://health.uk.gov.in/files/2020.04.21_Health_Bulletin.pdf,,1.13%,0.3645236696,364.52366960000006,,,
22/04/2020,Uttarakhand,4275.0,46.0,3664.0,,,,856.0,498.0,189.0,,http://health.uk.gov.in/files/2020.04.22_Health_Bulletin_Summary.pdf,,1.08%,0.3837327475,383.7327475,,,
23/04/2020,Uttarakhand,4473.0,47.0,3879.0,265.0,,,,,,,http://health.uk.gov.in/files/2020.04.23_Health_Bulletin.pdf,,1.05%,0.40150563270000006,401.5056327,,,
24/04/2020,Uttarakhand,4767.0,48.0,4239.0,327.0,,,,,,,http://health.uk.gov.in/files/2020.04.24_Health_Bulletin.pdf,,1.01%,0.4278956742,427.8956742,,,
25/04/2020,Uttarakhand,5194.0,48.0,4423.0,411.0,,,,,,,https://twitter.com/ANI/status/1254054806567751680,,0.92%,0.466224068,466.224068,,,
26/04/2020,Uttarakhand,5277.0,50.0,4675.0,348.0,,,,,,,http://health.uk.gov.in/files/2020.04.26_Health_Bulletin.pdf,,0.95%,0.4736743178,473.67431780000004,,,
27/04/2020,Uttarakhand,5463.0,51.0,4912.0,299.0,,,,,,,http://health.uk.gov.in/files/2020.04.27_Health_Bulletin.pdf,,0.93%,0.49037005840000003,490.3700584,,,
28/04/2020,Uttarakhand,5739.0,52.0,5212.0,284.0,,,,,,,https://twitter.com/ANI/status/1255131631137943552?s=09,,0.91%,0.5151443831,515.1443831,,,
29/04/2020,Uttarakhand,6046.0,54.0,5547.0,208.0,,,,,,,http://health.uk.gov.in/files/Health_Bulletin_2020.04.29.pdf,,0.89%,0.5427013313,542.7013312999999,,,
30/04/2020,Uttarakhand,,,,,,,,,,,,,,0.0,0.0,,,
01/04/2020,West Bengal,659.0,37.0,568.0,54.0,,,,,,,https://www.wbhealth.gov.in/uploaded_files/corona/Bulletin_West_Bengal_01.04_.2020_.pdf,,5.61%,0.006679360085999999,6.679360086,98662146.0,,
04/04/2020,West Bengal,1042.0,,,,1125.0,786.0,,,,,,,0.00%,0.0105612947,10.561294699999998,,,
06/04/2020,West Bengal,1301.0,,,,246.0,,,,,,https://www.wbhealth.gov.in/uploaded_files/corona/Bulletin_West_Bengal_06.04_.2020(1)_.pdf,,0.00%,0.013186414979999998,13.18641498,,,
07/04/2020,West Bengal,1487.0,,,,262.0,,,,,,https://www.wbhealth.gov.in/uploaded_files/corona/Bulletin_West_Bengal_07.04_.2020_.pdf,,0.00%,0.01507163649,15.07163649,,,
09/04/2020,West Bengal,1889.0,,,,1723.0,1345.0,,,,26025.0,https://www.wbhealth.gov.in/uploaded_files/corona/Bulletin_West_Bengal_09.04_.2020_.pdf,,0.00%,0.0191461475,19.1461475,,,
10/04/2020,West Bengal,2095.0,,,,1840.0,1447.0,,,,27068.0,https://www.wbhealth.gov.in/uploaded_files/corona/Bulletin_West_Bengal_10.04_.2020_.pdf,,0.00%,0.021234081000000002,21.234081,,,
11/04/2020,West Bengal,2286.0,126.0,,,,,,,,28021.0,https://www.wbhealth.gov.in/uploaded_files/corona/Bulletin_West_Bengal_11.04_.2020_.pdf,https://www.mohfw.gov.in/,5.51%,0.02316998051,23.16998051,,,
12/04/2020,West Bengal,2523.0,134.0,,,,,,,,29168.0,https://www.wbhealth.gov.in/uploaded_files/corona/Bulletin_West_Bengal_12.04_.2020_.pdf,https://www.mohfw.gov.in/,5.31%,0.0255721176,25.572117600000002,,,
13/04/2020,West Bengal,2793.0,152.0,,,,,,,,30221.0,https://www.wbhealth.gov.in/uploaded_files/corona/Bulletin_West_Bengal_13.04_.2020_.pdf,https://www.mohfw.gov.in/,5.44%,0.02830872947,28.30872947,,,
14/04/2020,West Bengal,3081.0,190.0,,,2395.0,1956.0,,,,31330.0,https://www.wbhealth.gov.in/uploaded_files/corona/Bulletin_West_Bengal_14.04_.2020_.pdf,https://www.mohfw.gov.in/,6.17%,0.03122778213,31.22778213,,,
15/04/2020,West Bengal,3470.0,213.0,,,,,,,,32417.0,https://www.wbhealth.gov.in/uploaded_files/corona/Bulletin_West_Bengal_15.04_.2020_.pdf,https://www.mohfw.gov.in/,6.14%,0.03517053035,35.17053035,,,
16/04/2020,West Bengal,3811.0,231.0,,,,,,,,33400.0,https://www.wbhealth.gov.in/uploaded_files/corona/Bulletin_West_Bengal_16.04_.2020_.pdf,https://www.mohfw.gov.in/,6.06%,0.03862676978,38.62676978,,,
17/04/2020,West Bengal,4212.0,255.0,,,,,,,,34424.0,https://www.wbhealth.gov.in/uploaded_files/corona/Bulletin_West_Bengal_17.04_.2020_.pdf,https://www.mohfw.gov.in/,6.05%,0.042691145189999995,42.69114519,,,
18/04/2020,West Bengal,4630.0,287.0,,,,,,,,35447.0,https://www.wbhealth.gov.in/uploaded_files/corona/Bulletin_West_Bengal_18.04_.2020_.pdf,https://www.mohfw.gov.in/,6.20%,0.04692782579,46.92782579,,,
19/04/2020,West Bengal,5045.0,310.0,,,,,,,,36487.0,https://www.wbhealth.gov.in/uploaded_files/corona/Bulletin_West_Bengal_19.04_.2020_.pdf,https://www.mohfw.gov.in/,6.14%,0.051134099599999996,51.134099600000006,,,
20/04/2020,West Bengal,5469.0,339.0,,,,,,,,37508.0,https://www.wbhealth.gov.in/uploaded_files/corona/Bulletin_West_Bengal_20.04_.2020_.pdf,https://www.mohfw.gov.in/,6.20%,0.05543159379,55.43159379,,,
21/04/2020,West Bengal,6182.0,392.0,,,,,,,,38554.0,https://www.wbhealth.gov.in/uploaded_files/corona/Bulletin_West_Bengal_21.04_.2020_.pdf,,6.34%,0.06265827626,62.65827626,,,
22/04/2020,West Bengal,7037.0,423.0,,,,,,,,39597.0,https://www.wbhealth.gov.in/uploaded_files/corona/Bulletin_West_Bengal_22.04_.2020_.pdf,https://www.mohfw.gov.in/,6.01%,0.07132421385,71.32421385,,,
23/04/2020,West Bengal,7990.0,456.0,,,,,,,,40605.0,https://www.wbhealth.gov.in/uploaded_files/corona/Bulletin_West_Bengal_23.04_.2020_.pdf,https://www.mohfw.gov.in/,5.71%,0.08098344018999999,80.98344019,,,
24/04/2020,West Bengal,8933.0,514.0,,,,,,,,41724.0,https://www.wbhealth.gov.in/uploaded_files/corona/Bulletin_West_Bengal_24.04_.2020_.pdf,https://www.mohfw.gov.in/,5.75%,0.09054131053999999,90.54131054,,,
25/04/2020,West Bengal,9880.0,571.0,,,,,,,,42858.0,https://www.wbhealth.gov.in/uploaded_files/corona/Bulletin_West_Bengal_25.04_.2020_.pdf,https://www.mohfw.gov.in/,5.78%,0.1001397233,100.1397233,,,
26/04/2020,West Bengal,10893.0,611.0,,,,,,,,43892.0,https://www.wbhealth.gov.in/uploaded_files/corona/Bulletin_West_Bengal_26.04_.2020_.pdf,https://www.mohfw.gov.in/,5.61%,0.11040708560000001,110.40708559999999,,,
27/04/2020,West Bengal,12043.0,649.0,,,,,,,,44954.0,https://www.wbhealth.gov.in/uploaded_files/corona/Bulletin_West_Bengal_27.04_.2020_.pdf,https://www.mohfw.gov.in/,5.39%,0.1220630251,122.06302509999999,,,
28/04/2020,West Bengal,13223.0,697.0,,,,,,,,45928.0,https://www.wbhealth.gov.in/uploaded_files/corona/Bulletin_West_Bengal_28.04_.2020_.pdf,https://www.mohfw.gov.in/,5.27%,0.1340230325,134.0230325,,,
29/04/2020,West Bengal,14620.0,725.0,,,,,,,,46971.0,https://www.wbhealth.gov.in/uploaded_files/corona/Bulletin_West_Bengal_29.04_.2020_.pdf,https://www.mohfw.gov.in/,,,,,,
